dateOfSleep,timestamp,heart_rate
2026-03-23,2026-03-23T21:45:00+00:00,64
2026-03-23,2026-03-23T21:50:00+00:00,60
2026-03-23,2026-03-23T21:55:00+00:00,64
2026-03-23,2026-03-23T22:00:00+00:00,60
2026-03-23,2026-03-23T22:05:00+00:00,65
2026-03-23,2026-03-23T22:10:00+00:00,62
2026-03-23,2026-03-23T22:15:00+00:00,62
2026-03-23,2026-03-23T22:20:00+00:00,60
2026-03-23,2026-03-23T22:25:00+00:00,65
2026-03-23,2026-03-23T22:30:00+00:00,61
2026-03-23,2026-03-23T22:35:00+00:00,60
2026-03-23,2026-03-23T22:40:00+00:00,60
2026-03-23,2026-03-23T22:45:00+00:00,63
2026-03-23,2026-03-23T22:50:00+00:00,62
2026-03-23,2026-03-23T22:55:00+00:00,62
2026-03-23,2026-03-23T23:00:00+00:00,62
2026-03-23,2026-03-23T23:05:00+00:00,67
2026-03-23,2026-03-23T23:10:00+00:00,59
2026-03-23,2026-03-23T23:15:00+00:00,59
2026-03-23,2026-03-23T23:20:00+00:00,58
2026-03-23,2026-03-23T23:25:00+00:00,62
2026-03-23,2026-03-23T23:30:00+00:00,63
2026-03-23,2026-03-23T23:35:00+00:00,59
2026-03-23,2026-03-23T23:40:00+00:00,57
2026-03-23,2026-03-23T23:45:00+00:00,57
2026-03-23,2026-03-23T23:50:00+00:00,61
2026-03-23,2026-03-23T23:55:00+00:00,61
2026-03-23,2026-03-24T00:00:00+00:00,61
2026-03-23,2026-03-24T00:05:00+00:00,57
2026-03-23,2026-03-24T00:10:00+00:00,59
2026-03-23,2026-03-24T00:15:00+00:00,59
2026-03-23,2026-03-24T00:20:00+00:00,59
2026-03-23,2026-03-24T00:25:00+00:00,61
2026-03-23,2026-03-24T00:30:00+00:00,59
2026-03-23,2026-03-24T00:35:00+00:00,60
2026-03-23,2026-03-24T00:40:00+00:00,58
2026-03-23,2026-03-24T00:45:00+00:00,58
2026-03-23,2026-03-24T00:50:00+00:00,59
2026-03-23,2026-03-24T00:55:00+00:00,53
2026-03-23,2026-03-24T01:00:00+00:00,56
2026-03-23,2026-03-24T01:05:00+00:00,56
2026-03-23,2026-03-24T01:10:00+00:00,55
2026-03-23,2026-03-24T01:15:00+00:00,56
2026-03-23,2026-03-24T01:20:00+00:00,61
2026-03-23,2026-03-24T01:25:00+00:00,54
2026-03-23,2026-03-24T01:30:00+00:00,59
2026-03-23,2026-03-24T01:35:00+00:00,51
2026-03-23,2026-03-24T01:40:00+00:00,55
2026-03-23,2026-03-24T01:45:00+00:00,56
2026-03-23,2026-03-24T01:50:00+00:00,57
2026-03-23,2026-03-24T01:55:00+00:00,58
2026-03-23,2026-03-24T02:00:00+00:00,58
2026-03-23,2026-03-24T02:05:00+00:00,54
2026-03-23,2026-03-24T02:10:00+00:00,54
2026-03-23,2026-03-24T02:15:00+00:00,57
2026-03-23,2026-03-24T02:20:00+00:00,54
2026-03-23,2026-03-24T02:25:00+00:00,51
2026-03-23,2026-03-24T02:30:00+00:00,51
2026-03-23,2026-03-24T02:35:00+00:00,52
2026-03-23,2026-03-24T02:40:00+00:00,56
2026-03-23,2026-03-24T02:45:00+00:00,54
2026-03-23,2026-03-24T02:50:00+00:00,56
2026-03-23,2026-03-24T02:55:00+00:00,53
2026-03-23,2026-03-24T03:00:00+00:00,54
2026-03-23,2026-03-24T03:05:00+00:00,56
2026-03-23,2026-03-24T03:10:00+00:00,53
2026-03-23,2026-03-24T03:15:00+00:00,55
2026-03-23,2026-03-24T03:20:00+00:00,52
2026-03-23,2026-03-24T03:25:00+00:00,53
2026-03-23,2026-03-24T03:30:00+00:00,53
2026-03-23,2026-03-24T03:35:00+00:00,50
2026-03-23,2026-03-24T03:40:00+00:00,55
2026-03-23,2026-03-24T03:45:00+00:00,53
2026-03-23,2026-03-24T03:50:00+00:00,54
2026-03-23,2026-03-24T03:55:00+00:00,55
2026-03-23,2026-03-24T04:00:00+00:00,55
2026-03-23,2026-03-24T04:05:00+00:00,56
2026-03-23,2026-03-24T04:10:00+00:00,54
2026-03-23,2026-03-24T04:15:00+00:00,53
2026-03-23,2026-03-24T04:20:00+00:00,54
2026-03-23,2026-03-24T04:25:00+00:00,49
2026-03-23,2026-03-24T04:30:00+00:00,50
2026-03-23,2026-03-24T04:35:00+00:00,50
2026-03-23,2026-03-24T04:40:00+00:00,51
2026-03-23,2026-03-24T04:45:00+00:00,55
2026-03-23,2026-03-24T04:50:00+00:00,51
2026-03-23,2026-03-24T04:55:00+00:00,53
2026-03-23,2026-03-24T05:00:00+00:00,58
2026-03-23,2026-03-24T05:05:00+00:00,53
2026-03-23,2026-03-24T05:10:00+00:00,56
2026-03-23,2026-03-24T05:15:00+00:00,51
2026-03-23,2026-03-24T05:20:00+00:00,53
2026-03-24,2026-03-24T21:20:00+00:00,66
2026-03-24,2026-03-24T21:25:00+00:00,64
2026-03-24,2026-03-24T21:30:00+00:00,67
2026-03-24,2026-03-24T21:35:00+00:00,59
2026-03-24,2026-03-24T21:40:00+00:00,60
2026-03-24,2026-03-24T21:45:00+00:00,59
2026-03-24,2026-03-24T21:50:00+00:00,61
2026-03-24,2026-03-24T21:55:00+00:00,58
2026-03-24,2026-03-24T22:00:00+00:00,64
2026-03-24,2026-03-24T22:05:00+00:00,61
2026-03-24,2026-03-24T22:10:00+00:00,57
2026-03-24,2026-03-24T22:15:00+00:00,58
2026-03-24,2026-03-24T22:20:00+00:00,62
2026-03-24,2026-03-24T22:25:00+00:00,64
2026-03-24,2026-03-24T22:30:00+00:00,67
2026-03-24,2026-03-24T22:35:00+00:00,69
2026-03-24,2026-03-24T22:40:00+00:00,62
2026-03-24,2026-03-24T22:45:00+00:00,57
2026-03-24,2026-03-24T22:50:00+00:00,54
2026-03-24,2026-03-24T22:55:00+00:00,61
2026-03-24,2026-03-24T23:00:00+00:00,58
2026-03-24,2026-03-24T23:05:00+00:00,59
2026-03-24,2026-03-24T23:10:00+00:00,58
2026-03-24,2026-03-24T23:15:00+00:00,59
2026-03-24,2026-03-24T23:20:00+00:00,63
2026-03-24,2026-03-24T23:25:00+00:00,60
2026-03-24,2026-03-24T23:30:00+00:00,59
2026-03-24,2026-03-24T23:35:00+00:00,56
2026-03-24,2026-03-24T23:40:00+00:00,54
2026-03-24,2026-03-24T23:45:00+00:00,57
2026-03-24,2026-03-24T23:50:00+00:00,58
2026-03-24,2026-03-24T23:55:00+00:00,64
2026-03-24,2026-03-25T00:00:00+00:00,59
2026-03-24,2026-03-25T00:05:00+00:00,61
2026-03-24,2026-03-25T00:10:00+00:00,56
2026-03-24,2026-03-25T00:15:00+00:00,54
2026-03-24,2026-03-25T00:20:00+00:00,55
2026-03-24,2026-03-25T00:25:00+00:00,55
2026-03-24,2026-03-25T00:30:00+00:00,64
2026-03-24,2026-03-25T00:35:00+00:00,55
2026-03-24,2026-03-25T00:40:00+00:00,60
2026-03-24,2026-03-25T00:45:00+00:00,54
2026-03-24,2026-03-25T00:50:00+00:00,59
2026-03-24,2026-03-25T00:55:00+00:00,58
2026-03-24,2026-03-25T01:00:00+00:00,56
2026-03-24,2026-03-25T01:05:00+00:00,56
2026-03-24,2026-03-25T01:10:00+00:00,54
2026-03-24,2026-03-25T01:15:00+00:00,57
2026-03-24,2026-03-25T01:20:00+00:00,54
2026-03-24,2026-03-25T01:25:00+00:00,52
2026-03-24,2026-03-25T01:30:00+00:00,52
2026-03-24,2026-03-25T01:35:00+00:00,56
2026-03-24,2026-03-25T01:40:00+00:00,60
2026-03-24,2026-03-25T01:45:00+00:00,56
2026-03-24,2026-03-25T01:50:00+00:00,55
2026-03-24,2026-03-25T01:55:00+00:00,56
2026-03-24,2026-03-25T02:00:00+00:00,59
2026-03-24,2026-03-25T02:05:00+00:00,55
2026-03-24,2026-03-25T02:10:00+00:00,53
2026-03-24,2026-03-25T02:15:00+00:00,57
2026-03-24,2026-03-25T02:20:00+00:00,55
2026-03-24,2026-03-25T02:25:00+00:00,59
2026-03-24,2026-03-25T02:30:00+00:00,55
2026-03-24,2026-03-25T02:35:00+00:00,50
2026-03-24,2026-03-25T02:40:00+00:00,50
2026-03-24,2026-03-25T02:45:00+00:00,59
2026-03-24,2026-03-25T02:50:00+00:00,59
2026-03-24,2026-03-25T02:55:00+00:00,53
2026-03-24,2026-03-25T03:00:00+00:00,53
2026-03-24,2026-03-25T03:05:00+00:00,58
2026-03-24,2026-03-25T03:10:00+00:00,51
2026-03-24,2026-03-25T03:15:00+00:00,51
2026-03-24,2026-03-25T03:20:00+00:00,56
2026-03-24,2026-03-25T03:25:00+00:00,53
2026-03-24,2026-03-25T03:30:00+00:00,54
2026-03-24,2026-03-25T03:35:00+00:00,54
2026-03-24,2026-03-25T03:40:00+00:00,55
2026-03-24,2026-03-25T03:45:00+00:00,58
2026-03-24,2026-03-25T03:50:00+00:00,54
2026-03-24,2026-03-25T03:55:00+00:00,56
2026-03-24,2026-03-25T04:00:00+00:00,48
2026-03-24,2026-03-25T04:05:00+00:00,54
2026-03-24,2026-03-25T04:10:00+00:00,51
2026-03-24,2026-03-25T04:15:00+00:00,50
2026-03-24,2026-03-25T04:20:00+00:00,51
2026-03-25,2026-03-25T21:40:00+00:00,63
2026-03-25,2026-03-25T21:45:00+00:00,64
2026-03-25,2026-03-25T21:50:00+00:00,70
2026-03-25,2026-03-25T21:55:00+00:00,68
2026-03-25,2026-03-25T22:00:00+00:00,60
2026-03-25,2026-03-25T22:05:00+00:00,61
2026-03-25,2026-03-25T22:10:00+00:00,58
2026-03-25,2026-03-25T22:15:00+00:00,60
2026-03-25,2026-03-25T22:20:00+00:00,63
2026-03-25,2026-03-25T22:25:00+00:00,65
2026-03-25,2026-03-25T22:30:00+00:00,59
2026-03-25,2026-03-25T22:35:00+00:00,59
2026-03-25,2026-03-25T22:40:00+00:00,55
2026-03-25,2026-03-25T22:45:00+00:00,61
2026-03-25,2026-03-25T22:50:00+00:00,58
2026-03-25,2026-03-25T22:55:00+00:00,59
2026-03-25,2026-03-25T23:00:00+00:00,58
2026-03-25,2026-03-25T23:05:00+00:00,60
2026-03-25,2026-03-25T23:10:00+00:00,55
2026-03-25,2026-03-25T23:15:00+00:00,56
2026-03-25,2026-03-25T23:20:00+00:00,66
2026-03-25,2026-03-25T23:25:00+00:00,56
2026-03-25,2026-03-25T23:30:00+00:00,56
2026-03-25,2026-03-25T23:35:00+00:00,65
2026-03-25,2026-03-25T23:40:00+00:00,68
2026-03-25,2026-03-25T23:45:00+00:00,56
2026-03-25,2026-03-25T23:50:00+00:00,58
2026-03-25,2026-03-25T23:55:00+00:00,60
2026-03-25,2026-03-26T00:00:00+00:00,64
2026-03-25,2026-03-26T00:05:00+00:00,56
2026-03-25,2026-03-26T00:10:00+00:00,58
2026-03-25,2026-03-26T00:15:00+00:00,61
2026-03-25,2026-03-26T00:20:00+00:00,60
2026-03-25,2026-03-26T00:25:00+00:00,57
2026-03-25,2026-03-26T00:30:00+00:00,57
2026-03-25,2026-03-26T00:35:00+00:00,54
2026-03-25,2026-03-26T00:40:00+00:00,57
2026-03-25,2026-03-26T00:45:00+00:00,57
2026-03-25,2026-03-26T00:50:00+00:00,58
2026-03-25,2026-03-26T00:55:00+00:00,55
2026-03-25,2026-03-26T01:00:00+00:00,58
2026-03-25,2026-03-26T01:05:00+00:00,60
2026-03-25,2026-03-26T01:10:00+00:00,57
2026-03-25,2026-03-26T01:15:00+00:00,58
2026-03-25,2026-03-26T01:20:00+00:00,57
2026-03-25,2026-03-26T01:25:00+00:00,56
2026-03-25,2026-03-26T01:30:00+00:00,54
2026-03-25,2026-03-26T01:35:00+00:00,57
2026-03-25,2026-03-26T01:40:00+00:00,56
2026-03-25,2026-03-26T01:45:00+00:00,62
2026-03-25,2026-03-26T01:50:00+00:00,60
2026-03-25,2026-03-26T01:55:00+00:00,57
2026-03-25,2026-03-26T02:00:00+00:00,53
2026-03-25,2026-03-26T02:05:00+00:00,52
2026-03-25,2026-03-26T02:10:00+00:00,58
2026-03-25,2026-03-26T02:15:00+00:00,56
2026-03-25,2026-03-26T02:20:00+00:00,56
2026-03-25,2026-03-26T02:25:00+00:00,49
2026-03-25,2026-03-26T02:30:00+00:00,57
2026-03-25,2026-03-26T02:35:00+00:00,56
2026-03-25,2026-03-26T02:40:00+00:00,51
2026-03-25,2026-03-26T02:45:00+00:00,53
2026-03-25,2026-03-26T02:50:00+00:00,55
2026-03-25,2026-03-26T02:55:00+00:00,54
2026-03-25,2026-03-26T03:00:00+00:00,53
2026-03-25,2026-03-26T03:05:00+00:00,54
2026-03-25,2026-03-26T03:10:00+00:00,53
2026-03-25,2026-03-26T03:15:00+00:00,54
2026-03-25,2026-03-26T03:20:00+00:00,58
2026-03-25,2026-03-26T03:25:00+00:00,46
2026-03-25,2026-03-26T03:30:00+00:00,53
2026-03-25,2026-03-26T03:35:00+00:00,55
2026-03-25,2026-03-26T03:40:00+00:00,55
2026-03-25,2026-03-26T03:45:00+00:00,53
2026-03-25,2026-03-26T03:50:00+00:00,49
2026-03-25,2026-03-26T03:55:00+00:00,55
2026-03-25,2026-03-26T04:00:00+00:00,59
2026-03-25,2026-03-26T04:05:00+00:00,49
2026-03-25,2026-03-26T04:10:00+00:00,57
2026-03-25,2026-03-26T04:15:00+00:00,53
2026-03-25,2026-03-26T04:20:00+00:00,54
2026-03-25,2026-03-26T04:25:00+00:00,51
2026-03-26,2026-03-26T21:40:00+00:00,68
2026-03-26,2026-03-26T21:45:00+00:00,65
2026-03-26,2026-03-26T21:50:00+00:00,58
2026-03-26,2026-03-26T21:55:00+00:00,62
2026-03-26,2026-03-26T22:00:00+00:00,59
2026-03-26,2026-03-26T22:05:00+00:00,61
2026-03-26,2026-03-26T22:10:00+00:00,67
2026-03-26,2026-03-26T22:15:00+00:00,64
2026-03-26,2026-03-26T22:20:00+00:00,60
2026-03-26,2026-03-26T22:25:00+00:00,59
2026-03-26,2026-03-26T22:30:00+00:00,62
2026-03-26,2026-03-26T22:35:00+00:00,58
2026-03-26,2026-03-26T22:40:00+00:00,59
2026-03-26,2026-03-26T22:45:00+00:00,62
2026-03-26,2026-03-26T22:50:00+00:00,64
2026-03-26,2026-03-26T22:55:00+00:00,63
2026-03-26,2026-03-26T23:00:00+00:00,54
2026-03-26,2026-03-26T23:05:00+00:00,61
2026-03-26,2026-03-26T23:10:00+00:00,61
2026-03-26,2026-03-26T23:15:00+00:00,61
2026-03-26,2026-03-26T23:20:00+00:00,65
2026-03-26,2026-03-26T23:25:00+00:00,54
2026-03-26,2026-03-26T23:30:00+00:00,58
2026-03-26,2026-03-26T23:35:00+00:00,61
2026-03-26,2026-03-26T23:40:00+00:00,55
2026-03-26,2026-03-26T23:45:00+00:00,64
2026-03-26,2026-03-26T23:50:00+00:00,60
2026-03-26,2026-03-26T23:55:00+00:00,61
2026-03-26,2026-03-27T00:00:00+00:00,57
2026-03-26,2026-03-27T00:05:00+00:00,61
2026-03-26,2026-03-27T00:10:00+00:00,62
2026-03-26,2026-03-27T00:15:00+00:00,59
2026-03-26,2026-03-27T00:20:00+00:00,59
2026-03-26,2026-03-27T00:25:00+00:00,59
2026-03-26,2026-03-27T00:30:00+00:00,55
2026-03-26,2026-03-27T00:35:00+00:00,57
2026-03-26,2026-03-27T00:40:00+00:00,57
2026-03-26,2026-03-27T00:45:00+00:00,59
2026-03-26,2026-03-27T00:50:00+00:00,60
2026-03-26,2026-03-27T00:55:00+00:00,54
2026-03-26,2026-03-27T01:00:00+00:00,57
2026-03-26,2026-03-27T01:05:00+00:00,61
2026-03-26,2026-03-27T01:10:00+00:00,54
2026-03-26,2026-03-27T01:15:00+00:00,54
2026-03-26,2026-03-27T01:20:00+00:00,57
2026-03-26,2026-03-27T01:25:00+00:00,59
2026-03-26,2026-03-27T01:30:00+00:00,56
2026-03-26,2026-03-27T01:35:00+00:00,60
2026-03-26,2026-03-27T01:40:00+00:00,58
2026-03-26,2026-03-27T01:45:00+00:00,58
2026-03-26,2026-03-27T01:50:00+00:00,57
2026-03-26,2026-03-27T01:55:00+00:00,62
2026-03-26,2026-03-27T02:00:00+00:00,55
2026-03-26,2026-03-27T02:05:00+00:00,49
2026-03-26,2026-03-27T02:10:00+00:00,60
2026-03-26,2026-03-27T02:15:00+00:00,53
2026-03-26,2026-03-27T02:20:00+00:00,55
2026-03-26,2026-03-27T02:25:00+00:00,58
2026-03-26,2026-03-27T02:30:00+00:00,49
2026-03-26,2026-03-27T02:35:00+00:00,50
2026-03-26,2026-03-27T02:40:00+00:00,49
2026-03-26,2026-03-27T02:45:00+00:00,52
2026-03-26,2026-03-27T02:50:00+00:00,55
2026-03-26,2026-03-27T02:55:00+00:00,56
2026-03-26,2026-03-27T03:00:00+00:00,55
2026-03-26,2026-03-27T03:05:00+00:00,50
2026-03-26,2026-03-27T03:10:00+00:00,47
2026-03-26,2026-03-27T03:15:00+00:00,54
2026-03-26,2026-03-27T03:20:00+00:00,53
2026-03-26,2026-03-27T03:25:00+00:00,55
2026-03-26,2026-03-27T03:30:00+00:00,56
2026-03-26,2026-03-27T03:35:00+00:00,54
2026-03-26,2026-03-27T03:40:00+00:00,56
2026-03-26,2026-03-27T03:45:00+00:00,55
2026-03-26,2026-03-27T03:50:00+00:00,56
2026-03-26,2026-03-27T03:55:00+00:00,52
2026-03-26,2026-03-27T04:00:00+00:00,53
2026-03-26,2026-03-27T04:05:00+00:00,55
2026-03-26,2026-03-27T04:10:00+00:00,56
2026-03-26,2026-03-27T04:15:00+00:00,53
2026-03-26,2026-03-27T04:20:00+00:00,56
2026-03-26,2026-03-27T04:25:00+00:00,53
2026-03-26,2026-03-27T04:30:00+00:00,54
2026-03-26,2026-03-27T04:35:00+00:00,56
2026-03-26,2026-03-27T04:40:00+00:00,48
2026-03-26,2026-03-27T04:45:00+00:00,50
2026-03-26,2026-03-27T04:50:00+00:00,50
2026-03-26,2026-03-27T04:55:00+00:00,47
2026-03-26,2026-03-27T05:00:00+00:00,52
2026-03-26,2026-03-27T05:05:00+00:00,56
2026-03-26,2026-03-27T05:10:00+00:00,53
2026-03-26,2026-03-27T05:15:00+00:00,55
2026-03-26,2026-03-27T05:20:00+00:00,57
2026-03-26,2026-03-27T05:25:00+00:00,58
2026-03-26,2026-03-27T05:30:00+00:00,54
2026-03-26,2026-03-27T05:35:00+00:00,58
2026-03-26,2026-03-27T05:40:00+00:00,54
2026-03-26,2026-03-27T05:45:00+00:00,51
2026-03-26,2026-03-27T05:50:00+00:00,52
2026-03-26,2026-03-27T05:55:00+00:00,50
2026-03-26,2026-03-27T06:00:00+00:00,51
2026-03-26,2026-03-27T06:05:00+00:00,53
2026-03-26,2026-03-27T06:10:00+00:00,56
2026-03-26,2026-03-27T06:15:00+00:00,59
2026-03-27,2026-03-27T21:00:00+00:00,59
2026-03-27,2026-03-27T21:05:00+00:00,66
2026-03-27,2026-03-27T21:10:00+00:00,62
2026-03-27,2026-03-27T21:15:00+00:00,66
2026-03-27,2026-03-27T21:20:00+00:00,64
2026-03-27,2026-03-27T21:25:00+00:00,62
2026-03-27,2026-03-27T21:30:00+00:00,63
2026-03-27,2026-03-27T21:35:00+00:00,68
2026-03-27,2026-03-27T21:40:00+00:00,68
2026-03-27,2026-03-27T21:45:00+00:00,62
2026-03-27,2026-03-27T21:50:00+00:00,62
2026-03-27,2026-03-27T21:55:00+00:00,65
2026-03-27,2026-03-27T22:00:00+00:00,59
2026-03-27,2026-03-27T22:05:00+00:00,62
2026-03-27,2026-03-27T22:10:00+00:00,61
2026-03-27,2026-03-27T22:15:00+00:00,62
2026-03-27,2026-03-27T22:20:00+00:00,58
2026-03-27,2026-03-27T22:25:00+00:00,56
2026-03-27,2026-03-27T22:30:00+00:00,54
2026-03-27,2026-03-27T22:35:00+00:00,57
2026-03-27,2026-03-27T22:40:00+00:00,59
2026-03-27,2026-03-27T22:45:00+00:00,59
2026-03-27,2026-03-27T22:50:00+00:00,66
2026-03-27,2026-03-27T22:55:00+00:00,63
2026-03-27,2026-03-27T23:00:00+00:00,57
2026-03-27,2026-03-27T23:05:00+00:00,60
2026-03-27,2026-03-27T23:10:00+00:00,58
2026-03-27,2026-03-27T23:15:00+00:00,58
2026-03-27,2026-03-27T23:20:00+00:00,59
2026-03-27,2026-03-27T23:25:00+00:00,61
2026-03-27,2026-03-27T23:30:00+00:00,57
2026-03-27,2026-03-27T23:35:00+00:00,62
2026-03-27,2026-03-27T23:40:00+00:00,55
2026-03-27,2026-03-27T23:45:00+00:00,58
2026-03-27,2026-03-27T23:50:00+00:00,66
2026-03-27,2026-03-27T23:55:00+00:00,58
2026-03-27,2026-03-28T00:00:00+00:00,62
2026-03-27,2026-03-28T00:05:00+00:00,58
2026-03-27,2026-03-28T00:10:00+00:00,59
2026-03-27,2026-03-28T00:15:00+00:00,57
2026-03-27,2026-03-28T00:20:00+00:00,56
2026-03-27,2026-03-28T00:25:00+00:00,55
2026-03-27,2026-03-28T00:30:00+00:00,58
2026-03-27,2026-03-28T00:35:00+00:00,54
2026-03-27,2026-03-28T00:40:00+00:00,58
2026-03-27,2026-03-28T00:45:00+00:00,60
2026-03-27,2026-03-28T00:50:00+00:00,57
2026-03-27,2026-03-28T00:55:00+00:00,55
2026-03-27,2026-03-28T01:00:00+00:00,57
2026-03-27,2026-03-28T01:05:00+00:00,55
2026-03-27,2026-03-28T01:10:00+00:00,58
2026-03-27,2026-03-28T01:15:00+00:00,50
2026-03-27,2026-03-28T01:20:00+00:00,54
2026-03-27,2026-03-28T01:25:00+00:00,49
2026-03-27,2026-03-28T01:30:00+00:00,50
2026-03-27,2026-03-28T01:35:00+00:00,59
2026-03-27,2026-03-28T01:40:00+00:00,57
2026-03-27,2026-03-28T01:45:00+00:00,52
2026-03-27,2026-03-28T01:50:00+00:00,50
2026-03-27,2026-03-28T01:55:00+00:00,45
2026-03-27,2026-03-28T02:00:00+00:00,52
2026-03-27,2026-03-28T02:05:00+00:00,61
2026-03-27,2026-03-28T02:10:00+00:00,55
2026-03-27,2026-03-28T02:15:00+00:00,52
2026-03-27,2026-03-28T02:20:00+00:00,55
2026-03-27,2026-03-28T02:25:00+00:00,49
2026-03-27,2026-03-28T02:30:00+00:00,53
2026-03-27,2026-03-28T02:35:00+00:00,54
2026-03-27,2026-03-28T02:40:00+00:00,54
2026-03-27,2026-03-28T02:45:00+00:00,56
2026-03-27,2026-03-28T02:50:00+00:00,55
2026-03-27,2026-03-28T02:55:00+00:00,56
2026-03-27,2026-03-28T03:00:00+00:00,52
2026-03-27,2026-03-28T03:05:00+00:00,57
2026-03-27,2026-03-28T03:10:00+00:00,59
2026-03-27,2026-03-28T03:15:00+00:00,51
2026-03-27,2026-03-28T03:20:00+00:00,51
2026-03-27,2026-03-28T03:25:00+00:00,58
2026-03-27,2026-03-28T03:30:00+00:00,53
2026-03-28,2026-03-28T21:15:00+00:00,62
2026-03-28,2026-03-28T21:20:00+00:00,62
2026-03-28,2026-03-28T21:25:00+00:00,62
2026-03-28,2026-03-28T21:30:00+00:00,63
2026-03-28,2026-03-28T21:35:00+00:00,59
2026-03-28,2026-03-28T21:40:00+00:00,64
2026-03-28,2026-03-28T21:45:00+00:00,64
2026-03-28,2026-03-28T21:50:00+00:00,63
2026-03-28,2026-03-28T21:55:00+00:00,63
2026-03-28,2026-03-28T22:00:00+00:00,63
2026-03-28,2026-03-28T22:05:00+00:00,68
2026-03-28,2026-03-28T22:10:00+00:00,61
2026-03-28,2026-03-28T22:15:00+00:00,60
2026-03-28,2026-03-28T22:20:00+00:00,59
2026-03-28,2026-03-28T22:25:00+00:00,58
2026-03-28,2026-03-28T22:30:00+00:00,57
2026-03-28,2026-03-28T22:35:00+00:00,58
2026-03-28,2026-03-28T22:40:00+00:00,60
2026-03-28,2026-03-28T22:45:00+00:00,61
2026-03-28,2026-03-28T22:50:00+00:00,60
2026-03-28,2026-03-28T22:55:00+00:00,58
2026-03-28,2026-03-28T23:00:00+00:00,63
2026-03-28,2026-03-28T23:05:00+00:00,62
2026-03-28,2026-03-28T23:10:00+00:00,59
2026-03-28,2026-03-28T23:15:00+00:00,57
2026-03-28,2026-03-28T23:20:00+00:00,61
2026-03-28,2026-03-28T23:25:00+00:00,60
2026-03-28,2026-03-28T23:30:00+00:00,55
2026-03-28,2026-03-28T23:35:00+00:00,59
2026-03-28,2026-03-28T23:40:00+00:00,59
2026-03-28,2026-03-28T23:45:00+00:00,56
2026-03-28,2026-03-28T23:50:00+00:00,59
2026-03-28,2026-03-28T23:55:00+00:00,54
2026-03-28,2026-03-29T00:00:00+00:00,62
2026-03-28,2026-03-29T00:05:00+00:00,62
2026-03-28,2026-03-29T00:10:00+00:00,57
2026-03-28,2026-03-29T00:15:00+00:00,59
2026-03-28,2026-03-29T00:20:00+00:00,50
2026-03-28,2026-03-29T00:25:00+00:00,54
2026-03-28,2026-03-29T00:30:00+00:00,56
2026-03-28,2026-03-29T00:35:00+00:00,54
2026-03-28,2026-03-29T00:40:00+00:00,59
2026-03-28,2026-03-29T00:45:00+00:00,63
2026-03-28,2026-03-29T00:50:00+00:00,53
2026-03-28,2026-03-29T00:55:00+00:00,54
2026-03-28,2026-03-29T01:00:00+00:00,57
2026-03-28,2026-03-29T01:05:00+00:00,61
2026-03-28,2026-03-29T01:10:00+00:00,52
2026-03-28,2026-03-29T01:15:00+00:00,57
2026-03-28,2026-03-29T01:20:00+00:00,61
2026-03-28,2026-03-29T01:25:00+00:00,51
2026-03-28,2026-03-29T01:30:00+00:00,52
2026-03-28,2026-03-29T01:35:00+00:00,54
2026-03-28,2026-03-29T01:40:00+00:00,53
2026-03-28,2026-03-29T01:45:00+00:00,57
2026-03-28,2026-03-29T01:50:00+00:00,55
2026-03-28,2026-03-29T01:55:00+00:00,49
2026-03-28,2026-03-29T02:00:00+00:00,56
2026-03-28,2026-03-29T02:05:00+00:00,53
2026-03-28,2026-03-29T02:10:00+00:00,58
2026-03-28,2026-03-29T02:15:00+00:00,52
2026-03-28,2026-03-29T02:20:00+00:00,52
2026-03-28,2026-03-29T02:25:00+00:00,56
2026-03-28,2026-03-29T02:30:00+00:00,56
2026-03-28,2026-03-29T02:35:00+00:00,55
2026-03-28,2026-03-29T02:40:00+00:00,49
2026-03-28,2026-03-29T02:45:00+00:00,56
2026-03-28,2026-03-29T02:50:00+00:00,51
2026-03-28,2026-03-29T02:55:00+00:00,55
2026-03-28,2026-03-29T03:00:00+00:00,50
2026-03-28,2026-03-29T03:05:00+00:00,55
2026-03-28,2026-03-29T03:10:00+00:00,52
2026-03-28,2026-03-29T03:15:00+00:00,50
2026-03-28,2026-03-29T03:20:00+00:00,56
2026-03-28,2026-03-29T03:25:00+00:00,55
2026-03-28,2026-03-29T03:30:00+00:00,52
2026-03-28,2026-03-29T03:35:00+00:00,58
2026-03-28,2026-03-29T03:40:00+00:00,53
2026-03-28,2026-03-29T03:45:00+00:00,54
2026-03-28,2026-03-29T03:50:00+00:00,55
2026-03-28,2026-03-29T03:55:00+00:00,52
2026-03-28,2026-03-29T04:00:00+00:00,55
2026-03-28,2026-03-29T04:05:00+00:00,52
2026-03-28,2026-03-29T04:10:00+00:00,53
2026-03-28,2026-03-29T04:15:00+00:00,58
2026-03-28,2026-03-29T04:20:00+00:00,51
2026-03-28,2026-03-29T04:25:00+00:00,47
2026-03-28,2026-03-29T04:30:00+00:00,59
2026-03-28,2026-03-29T04:35:00+00:00,62
2026-03-28,2026-03-29T04:40:00+00:00,53
2026-03-28,2026-03-29T04:45:00+00:00,48
2026-03-28,2026-03-29T04:50:00+00:00,53
2026-03-28,2026-03-29T04:55:00+00:00,53
2026-03-28,2026-03-29T05:00:00+00:00,53
2026-03-28,2026-03-29T05:05:00+00:00,51
2026-03-28,2026-03-29T05:10:00+00:00,56
2026-03-28,2026-03-29T05:15:00+00:00,56
2026-03-28,2026-03-29T05:20:00+00:00,50
2026-03-28,2026-03-29T05:25:00+00:00,56
2026-03-28,2026-03-29T05:30:00+00:00,60
2026-03-28,2026-03-29T05:35:00+00:00,55
2026-03-28,2026-03-29T05:40:00+00:00,53
2026-03-28,2026-03-29T05:45:00+00:00,54
2026-03-28,2026-03-29T05:50:00+00:00,56
2026-03-29,2026-03-29T23:30:00+00:00,62
2026-03-29,2026-03-29T23:35:00+00:00,63
2026-03-29,2026-03-29T23:40:00+00:00,58
2026-03-29,2026-03-29T23:45:00+00:00,58
2026-03-29,2026-03-29T23:50:00+00:00,64
2026-03-29,2026-03-29T23:55:00+00:00,61
2026-03-29,2026-03-30T00:00:00+00:00,54
2026-03-29,2026-03-30T00:05:00+00:00,64
2026-03-29,2026-03-30T00:10:00+00:00,63
2026-03-29,2026-03-30T00:15:00+00:00,60
2026-03-29,2026-03-30T00:20:00+00:00,58
2026-03-29,2026-03-30T00:25:00+00:00,64
2026-03-29,2026-03-30T00:30:00+00:00,62
2026-03-29,2026-03-30T00:35:00+00:00,68
2026-03-29,2026-03-30T00:40:00+00:00,62
2026-03-29,2026-03-30T00:45:00+00:00,62
2026-03-29,2026-03-30T00:50:00+00:00,60
2026-03-29,2026-03-30T00:55:00+00:00,63
2026-03-29,2026-03-30T01:00:00+00:00,62
2026-03-29,2026-03-30T01:05:00+00:00,64
2026-03-29,2026-03-30T01:10:00+00:00,58
2026-03-29,2026-03-30T01:15:00+00:00,59
2026-03-29,2026-03-30T01:20:00+00:00,58
2026-03-29,2026-03-30T01:25:00+00:00,62
2026-03-29,2026-03-30T01:30:00+00:00,64
2026-03-29,2026-03-30T01:35:00+00:00,58
2026-03-29,2026-03-30T01:40:00+00:00,58
2026-03-29,2026-03-30T01:45:00+00:00,60
2026-03-29,2026-03-30T01:50:00+00:00,58
2026-03-29,2026-03-30T01:55:00+00:00,62
2026-03-29,2026-03-30T02:00:00+00:00,52
2026-03-29,2026-03-30T02:05:00+00:00,56
2026-03-29,2026-03-30T02:10:00+00:00,56
2026-03-29,2026-03-30T02:15:00+00:00,51
2026-03-29,2026-03-30T02:20:00+00:00,55
2026-03-29,2026-03-30T02:25:00+00:00,55
2026-03-29,2026-03-30T02:30:00+00:00,57
2026-03-29,2026-03-30T02:35:00+00:00,61
2026-03-29,2026-03-30T02:40:00+00:00,57
2026-03-29,2026-03-30T02:45:00+00:00,54
2026-03-29,2026-03-30T02:50:00+00:00,57
2026-03-29,2026-03-30T02:55:00+00:00,60
2026-03-29,2026-03-30T03:00:00+00:00,54
2026-03-29,2026-03-30T03:05:00+00:00,54
2026-03-29,2026-03-30T03:10:00+00:00,58
2026-03-29,2026-03-30T03:15:00+00:00,56
2026-03-29,2026-03-30T03:20:00+00:00,58
2026-03-29,2026-03-30T03:25:00+00:00,56
2026-03-29,2026-03-30T03:30:00+00:00,58
2026-03-29,2026-03-30T03:35:00+00:00,53
2026-03-29,2026-03-30T03:40:00+00:00,55
2026-03-29,2026-03-30T03:45:00+00:00,55
2026-03-29,2026-03-30T03:50:00+00:00,52
2026-03-29,2026-03-30T03:55:00+00:00,50
2026-03-29,2026-03-30T04:00:00+00:00,57
2026-03-29,2026-03-30T04:05:00+00:00,54
2026-03-29,2026-03-30T04:10:00+00:00,52
2026-03-29,2026-03-30T04:15:00+00:00,54
2026-03-29,2026-03-30T04:20:00+00:00,58
2026-03-29,2026-03-30T04:25:00+00:00,47
2026-03-29,2026-03-30T04:30:00+00:00,50
2026-03-29,2026-03-30T04:35:00+00:00,51
2026-03-29,2026-03-30T04:40:00+00:00,58
2026-03-29,2026-03-30T04:45:00+00:00,55
2026-03-29,2026-03-30T04:50:00+00:00,56
2026-03-29,2026-03-30T04:55:00+00:00,51
2026-03-29,2026-03-30T05:00:00+00:00,51
2026-03-29,2026-03-30T05:05:00+00:00,55
2026-03-29,2026-03-30T05:10:00+00:00,54
2026-03-29,2026-03-30T05:15:00+00:00,56
2026-03-29,2026-03-30T05:20:00+00:00,53
2026-03-29,2026-03-30T05:25:00+00:00,55
2026-03-29,2026-03-30T05:30:00+00:00,54
2026-03-29,2026-03-30T05:35:00+00:00,56
2026-03-29,2026-03-30T05:40:00+00:00,56
2026-03-29,2026-03-30T05:45:00+00:00,49
2026-03-29,2026-03-30T05:50:00+00:00,47
2026-03-29,2026-03-30T05:55:00+00:00,57
2026-03-29,2026-03-30T06:00:00+00:00,58
2026-03-29,2026-03-30T06:05:00+00:00,51
2026-03-29,2026-03-30T06:10:00+00:00,48
2026-03-29,2026-03-30T06:15:00+00:00,54
2026-03-29,2026-03-30T06:20:00+00:00,57
2026-03-29,2026-03-30T06:25:00+00:00,59
2026-03-29,2026-03-30T06:30:00+00:00,56
2026-03-29,2026-03-30T06:35:00+00:00,53
2026-03-29,2026-03-30T06:40:00+00:00,51
2026-03-29,2026-03-30T06:45:00+00:00,54
2026-03-29,2026-03-30T06:50:00+00:00,53
2026-03-29,2026-03-30T06:55:00+00:00,51
2026-03-30,2026-03-30T22:00:00+00:00,67
2026-03-30,2026-03-30T22:05:00+00:00,64
2026-03-30,2026-03-30T22:10:00+00:00,67
2026-03-30,2026-03-30T22:15:00+00:00,63
2026-03-30,2026-03-30T22:20:00+00:00,63
2026-03-30,2026-03-30T22:25:00+00:00,59
2026-03-30,2026-03-30T22:30:00+00:00,63
2026-03-30,2026-03-30T22:35:00+00:00,62
2026-03-30,2026-03-30T22:40:00+00:00,58
2026-03-30,2026-03-30T22:45:00+00:00,61
2026-03-30,2026-03-30T22:50:00+00:00,61
2026-03-30,2026-03-30T22:55:00+00:00,67
2026-03-30,2026-03-30T23:00:00+00:00,64
2026-03-30,2026-03-30T23:05:00+00:00,61
2026-03-30,2026-03-30T23:10:00+00:00,62
2026-03-30,2026-03-30T23:15:00+00:00,61
2026-03-30,2026-03-30T23:20:00+00:00,60
2026-03-30,2026-03-30T23:25:00+00:00,57
2026-03-30,2026-03-30T23:30:00+00:00,60
2026-03-30,2026-03-30T23:35:00+00:00,58
2026-03-30,2026-03-30T23:40:00+00:00,56
2026-03-30,2026-03-30T23:45:00+00:00,61
2026-03-30,2026-03-30T23:50:00+00:00,61
2026-03-30,2026-03-30T23:55:00+00:00,54
2026-03-30,2026-03-31T00:00:00+00:00,59
2026-03-30,2026-03-31T00:05:00+00:00,62
2026-03-30,2026-03-31T00:10:00+00:00,62
2026-03-30,2026-03-31T00:15:00+00:00,62
2026-03-30,2026-03-31T00:20:00+00:00,59
2026-03-30,2026-03-31T00:25:00+00:00,56
2026-03-30,2026-03-31T00:30:00+00:00,55
2026-03-30,2026-03-31T00:35:00+00:00,59
2026-03-30,2026-03-31T00:40:00+00:00,59
2026-03-30,2026-03-31T00:45:00+00:00,62
2026-03-30,2026-03-31T00:50:00+00:00,61
2026-03-30,2026-03-31T00:55:00+00:00,57
2026-03-30,2026-03-31T01:00:00+00:00,54
2026-03-30,2026-03-31T01:05:00+00:00,56
2026-03-30,2026-03-31T01:10:00+00:00,58
2026-03-30,2026-03-31T01:15:00+00:00,57
2026-03-30,2026-03-31T01:20:00+00:00,55
2026-03-30,2026-03-31T01:25:00+00:00,58
2026-03-30,2026-03-31T01:30:00+00:00,55
2026-03-30,2026-03-31T01:35:00+00:00,55
2026-03-30,2026-03-31T01:40:00+00:00,57
2026-03-30,2026-03-31T01:45:00+00:00,55
2026-03-30,2026-03-31T01:50:00+00:00,57
2026-03-30,2026-03-31T01:55:00+00:00,57
2026-03-30,2026-03-31T02:00:00+00:00,52
2026-03-30,2026-03-31T02:05:00+00:00,54
2026-03-30,2026-03-31T02:10:00+00:00,60
2026-03-30,2026-03-31T02:15:00+00:00,52
2026-03-30,2026-03-31T02:20:00+00:00,49
2026-03-30,2026-03-31T02:25:00+00:00,49
2026-03-30,2026-03-31T02:30:00+00:00,55
2026-03-30,2026-03-31T02:35:00+00:00,55
2026-03-30,2026-03-31T02:40:00+00:00,54
2026-03-30,2026-03-31T02:45:00+00:00,58
2026-03-30,2026-03-31T02:50:00+00:00,46
2026-03-30,2026-03-31T02:55:00+00:00,55
2026-03-30,2026-03-31T03:00:00+00:00,59
2026-03-30,2026-03-31T03:05:00+00:00,51
2026-03-30,2026-03-31T03:10:00+00:00,53
2026-03-30,2026-03-31T03:15:00+00:00,52
2026-03-30,2026-03-31T03:20:00+00:00,51
2026-03-30,2026-03-31T03:25:00+00:00,53
2026-03-30,2026-03-31T03:30:00+00:00,58
2026-03-30,2026-03-31T03:35:00+00:00,60
2026-03-30,2026-03-31T03:40:00+00:00,53
2026-03-30,2026-03-31T03:45:00+00:00,60
2026-03-30,2026-03-31T03:50:00+00:00,54
2026-03-30,2026-03-31T03:55:00+00:00,59
2026-03-30,2026-03-31T04:00:00+00:00,54
2026-03-30,2026-03-31T04:05:00+00:00,54
2026-03-30,2026-03-31T04:10:00+00:00,55
2026-03-30,2026-03-31T04:15:00+00:00,64
2026-03-30,2026-03-31T04:20:00+00:00,57
2026-03-30,2026-03-31T04:25:00+00:00,52
2026-03-30,2026-03-31T04:30:00+00:00,57
2026-03-30,2026-03-31T04:35:00+00:00,53
2026-03-30,2026-03-31T04:40:00+00:00,53
2026-03-30,2026-03-31T04:45:00+00:00,57
2026-03-30,2026-03-31T04:50:00+00:00,54
2026-03-30,2026-03-31T04:55:00+00:00,55
2026-03-30,2026-03-31T05:00:00+00:00,54
2026-03-30,2026-03-31T05:05:00+00:00,55
2026-03-30,2026-03-31T05:10:00+00:00,55
2026-03-30,2026-03-31T05:15:00+00:00,48
2026-03-30,2026-03-31T05:20:00+00:00,56
2026-03-30,2026-03-31T05:25:00+00:00,51
2026-03-30,2026-03-31T05:30:00+00:00,50
2026-03-30,2026-03-31T05:35:00+00:00,54
2026-03-30,2026-03-31T05:40:00+00:00,54
2026-03-30,2026-03-31T05:45:00+00:00,52
2026-03-30,2026-03-31T05:50:00+00:00,56
2026-03-30,2026-03-31T05:55:00+00:00,50
2026-03-30,2026-03-31T06:00:00+00:00,53
2026-03-30,2026-03-31T06:05:00+00:00,52
2026-03-30,2026-03-31T06:10:00+00:00,54
2026-03-30,2026-03-31T06:15:00+00:00,55
2026-03-30,2026-03-31T06:20:00+00:00,51
2026-03-31,2026-03-31T23:20:00+00:00,55
2026-03-31,2026-03-31T23:25:00+00:00,58
2026-03-31,2026-03-31T23:30:00+00:00,60
2026-03-31,2026-03-31T23:35:00+00:00,61
2026-03-31,2026-03-31T23:40:00+00:00,61
2026-03-31,2026-03-31T23:45:00+00:00,62
2026-03-31,2026-03-31T23:50:00+00:00,61
2026-03-31,2026-03-31T23:55:00+00:00,65
2026-03-31,2026-04-01T00:00:00+00:00,60
2026-03-31,2026-04-01T00:05:00+00:00,59
2026-03-31,2026-04-01T00:10:00+00:00,63
2026-03-31,2026-04-01T00:15:00+00:00,57
2026-03-31,2026-04-01T00:20:00+00:00,62
2026-03-31,2026-04-01T00:25:00+00:00,61
2026-03-31,2026-04-01T00:30:00+00:00,60
2026-03-31,2026-04-01T00:35:00+00:00,66
2026-03-31,2026-04-01T00:40:00+00:00,59
2026-03-31,2026-04-01T00:45:00+00:00,67
2026-03-31,2026-04-01T00:50:00+00:00,60
2026-03-31,2026-04-01T00:55:00+00:00,56
2026-03-31,2026-04-01T01:00:00+00:00,60
2026-03-31,2026-04-01T01:05:00+00:00,57
2026-03-31,2026-04-01T01:10:00+00:00,57
2026-03-31,2026-04-01T01:15:00+00:00,61
2026-03-31,2026-04-01T01:20:00+00:00,61
2026-03-31,2026-04-01T01:25:00+00:00,57
2026-03-31,2026-04-01T01:30:00+00:00,62
2026-03-31,2026-04-01T01:35:00+00:00,62
2026-03-31,2026-04-01T01:40:00+00:00,63
2026-03-31,2026-04-01T01:45:00+00:00,60
2026-03-31,2026-04-01T01:50:00+00:00,63
2026-03-31,2026-04-01T01:55:00+00:00,53
2026-03-31,2026-04-01T02:00:00+00:00,57
2026-03-31,2026-04-01T02:05:00+00:00,55
2026-03-31,2026-04-01T02:10:00+00:00,58
2026-03-31,2026-04-01T02:15:00+00:00,56
2026-03-31,2026-04-01T02:20:00+00:00,57
2026-03-31,2026-04-01T02:25:00+00:00,63
2026-03-31,2026-04-01T02:30:00+00:00,57
2026-03-31,2026-04-01T02:35:00+00:00,58
2026-03-31,2026-04-01T02:40:00+00:00,56
2026-03-31,2026-04-01T02:45:00+00:00,57
2026-03-31,2026-04-01T02:50:00+00:00,57
2026-03-31,2026-04-01T02:55:00+00:00,58
2026-03-31,2026-04-01T03:00:00+00:00,60
2026-03-31,2026-04-01T03:05:00+00:00,61
2026-03-31,2026-04-01T03:10:00+00:00,57
2026-03-31,2026-04-01T03:15:00+00:00,58
2026-03-31,2026-04-01T03:20:00+00:00,52
2026-03-31,2026-04-01T03:25:00+00:00,55
2026-03-31,2026-04-01T03:30:00+00:00,58
2026-03-31,2026-04-01T03:35:00+00:00,58
2026-03-31,2026-04-01T03:40:00+00:00,56
2026-03-31,2026-04-01T03:45:00+00:00,58
2026-03-31,2026-04-01T03:50:00+00:00,56
2026-03-31,2026-04-01T03:55:00+00:00,58
2026-03-31,2026-04-01T04:00:00+00:00,55
2026-03-31,2026-04-01T04:05:00+00:00,53
2026-03-31,2026-04-01T04:10:00+00:00,55
2026-03-31,2026-04-01T04:15:00+00:00,45
2026-03-31,2026-04-01T04:20:00+00:00,55
2026-03-31,2026-04-01T04:25:00+00:00,45
2026-03-31,2026-04-01T04:30:00+00:00,49
2026-03-31,2026-04-01T04:35:00+00:00,55
2026-03-31,2026-04-01T04:40:00+00:00,55
2026-03-31,2026-04-01T04:45:00+00:00,51
2026-03-31,2026-04-01T04:50:00+00:00,52
2026-03-31,2026-04-01T04:55:00+00:00,58
2026-03-31,2026-04-01T05:00:00+00:00,53
2026-03-31,2026-04-01T05:05:00+00:00,61
2026-03-31,2026-04-01T05:10:00+00:00,54
2026-03-31,2026-04-01T05:15:00+00:00,55
2026-03-31,2026-04-01T05:20:00+00:00,59
2026-03-31,2026-04-01T05:25:00+00:00,54
2026-03-31,2026-04-01T05:30:00+00:00,51
2026-03-31,2026-04-01T05:35:00+00:00,54
2026-03-31,2026-04-01T05:40:00+00:00,54
2026-03-31,2026-04-01T05:45:00+00:00,50
2026-03-31,2026-04-01T05:50:00+00:00,53
2026-03-31,2026-04-01T05:55:00+00:00,52
2026-03-31,2026-04-01T06:00:00+00:00,57
2026-03-31,2026-04-01T06:05:00+00:00,54
2026-04-01,2026-04-01T22:20:00+00:00,64
2026-04-01,2026-04-01T22:25:00+00:00,62
2026-04-01,2026-04-01T22:30:00+00:00,61
2026-04-01,2026-04-01T22:35:00+00:00,65
2026-04-01,2026-04-01T22:40:00+00:00,67
2026-04-01,2026-04-01T22:45:00+00:00,68
2026-04-01,2026-04-01T22:50:00+00:00,66
2026-04-01,2026-04-01T22:55:00+00:00,62
2026-04-01,2026-04-01T23:00:00+00:00,63
2026-04-01,2026-04-01T23:05:00+00:00,64
2026-04-01,2026-04-01T23:10:00+00:00,62
2026-04-01,2026-04-01T23:15:00+00:00,62
2026-04-01,2026-04-01T23:20:00+00:00,64
2026-04-01,2026-04-01T23:25:00+00:00,61
2026-04-01,2026-04-01T23:30:00+00:00,59
2026-04-01,2026-04-01T23:35:00+00:00,60
2026-04-01,2026-04-01T23:40:00+00:00,63
2026-04-01,2026-04-01T23:45:00+00:00,60
2026-04-01,2026-04-01T23:50:00+00:00,61
2026-04-01,2026-04-01T23:55:00+00:00,62
2026-04-01,2026-04-02T00:00:00+00:00,59
2026-04-01,2026-04-02T00:05:00+00:00,62
2026-04-01,2026-04-02T00:10:00+00:00,61
2026-04-01,2026-04-02T00:15:00+00:00,56
2026-04-01,2026-04-02T00:20:00+00:00,64
2026-04-01,2026-04-02T00:25:00+00:00,58
2026-04-01,2026-04-02T00:30:00+00:00,54
2026-04-01,2026-04-02T00:35:00+00:00,56
2026-04-01,2026-04-02T00:40:00+00:00,56
2026-04-01,2026-04-02T00:45:00+00:00,59
2026-04-01,2026-04-02T00:50:00+00:00,58
2026-04-01,2026-04-02T00:55:00+00:00,57
2026-04-01,2026-04-02T01:00:00+00:00,60
2026-04-01,2026-04-02T01:05:00+00:00,59
2026-04-01,2026-04-02T01:10:00+00:00,59
2026-04-01,2026-04-02T01:15:00+00:00,59
2026-04-01,2026-04-02T01:20:00+00:00,59
2026-04-01,2026-04-02T01:25:00+00:00,51
2026-04-01,2026-04-02T01:30:00+00:00,56
2026-04-01,2026-04-02T01:35:00+00:00,51
2026-04-01,2026-04-02T01:40:00+00:00,57
2026-04-01,2026-04-02T01:45:00+00:00,57
2026-04-01,2026-04-02T01:50:00+00:00,60
2026-04-01,2026-04-02T01:55:00+00:00,60
2026-04-01,2026-04-02T02:00:00+00:00,57
2026-04-01,2026-04-02T02:05:00+00:00,55
2026-04-01,2026-04-02T02:10:00+00:00,58
2026-04-01,2026-04-02T02:15:00+00:00,54
2026-04-01,2026-04-02T02:20:00+00:00,56
2026-04-01,2026-04-02T02:25:00+00:00,59
2026-04-01,2026-04-02T02:30:00+00:00,54
2026-04-01,2026-04-02T02:35:00+00:00,58
2026-04-01,2026-04-02T02:40:00+00:00,57
2026-04-01,2026-04-02T02:45:00+00:00,52
2026-04-01,2026-04-02T02:50:00+00:00,58
2026-04-01,2026-04-02T02:55:00+00:00,57
2026-04-01,2026-04-02T03:00:00+00:00,55
2026-04-01,2026-04-02T03:05:00+00:00,52
2026-04-01,2026-04-02T03:10:00+00:00,52
2026-04-01,2026-04-02T03:15:00+00:00,53
2026-04-01,2026-04-02T03:20:00+00:00,56
2026-04-01,2026-04-02T03:25:00+00:00,51
2026-04-01,2026-04-02T03:30:00+00:00,55
2026-04-01,2026-04-02T03:35:00+00:00,50
2026-04-01,2026-04-02T03:40:00+00:00,53
2026-04-01,2026-04-02T03:45:00+00:00,54
2026-04-01,2026-04-02T03:50:00+00:00,61
2026-04-01,2026-04-02T03:55:00+00:00,50
2026-04-01,2026-04-02T04:00:00+00:00,58
2026-04-01,2026-04-02T04:05:00+00:00,54
2026-04-01,2026-04-02T04:10:00+00:00,55
2026-04-01,2026-04-02T04:15:00+00:00,54
2026-04-01,2026-04-02T04:20:00+00:00,55
2026-04-01,2026-04-02T04:25:00+00:00,54
2026-04-01,2026-04-02T04:30:00+00:00,58
2026-04-01,2026-04-02T04:35:00+00:00,53
2026-04-01,2026-04-02T04:40:00+00:00,57
2026-04-01,2026-04-02T04:45:00+00:00,52
2026-04-01,2026-04-02T04:50:00+00:00,54
2026-04-01,2026-04-02T04:55:00+00:00,51
2026-04-01,2026-04-02T05:00:00+00:00,55
2026-04-01,2026-04-02T05:05:00+00:00,58
2026-04-01,2026-04-02T05:10:00+00:00,54
2026-04-02,2026-04-02T22:00:00+00:00,58
2026-04-02,2026-04-02T22:05:00+00:00,65
2026-04-02,2026-04-02T22:10:00+00:00,62
2026-04-02,2026-04-02T22:15:00+00:00,61
2026-04-02,2026-04-02T22:20:00+00:00,62
2026-04-02,2026-04-02T22:25:00+00:00,65
2026-04-02,2026-04-02T22:30:00+00:00,63
2026-04-02,2026-04-02T22:35:00+00:00,60
2026-04-02,2026-04-02T22:40:00+00:00,65
2026-04-02,2026-04-02T22:45:00+00:00,66
2026-04-02,2026-04-02T22:50:00+00:00,63
2026-04-02,2026-04-02T22:55:00+00:00,64
2026-04-02,2026-04-02T23:00:00+00:00,65
2026-04-02,2026-04-02T23:05:00+00:00,64
2026-04-02,2026-04-02T23:10:00+00:00,63
2026-04-02,2026-04-02T23:15:00+00:00,63
2026-04-02,2026-04-02T23:20:00+00:00,62
2026-04-02,2026-04-02T23:25:00+00:00,57
2026-04-02,2026-04-02T23:30:00+00:00,62
2026-04-02,2026-04-02T23:35:00+00:00,56
2026-04-02,2026-04-02T23:40:00+00:00,58
2026-04-02,2026-04-02T23:45:00+00:00,64
2026-04-02,2026-04-02T23:50:00+00:00,62
2026-04-02,2026-04-02T23:55:00+00:00,64
2026-04-02,2026-04-03T00:00:00+00:00,59
2026-04-02,2026-04-03T00:05:00+00:00,56
2026-04-02,2026-04-03T00:10:00+00:00,58
2026-04-02,2026-04-03T00:15:00+00:00,59
2026-04-02,2026-04-03T00:20:00+00:00,59
2026-04-02,2026-04-03T00:25:00+00:00,62
2026-04-02,2026-04-03T00:30:00+00:00,57
2026-04-02,2026-04-03T00:35:00+00:00,59
2026-04-02,2026-04-03T00:40:00+00:00,55
2026-04-02,2026-04-03T00:45:00+00:00,59
2026-04-02,2026-04-03T00:50:00+00:00,58
2026-04-02,2026-04-03T00:55:00+00:00,56
2026-04-02,2026-04-03T01:00:00+00:00,57
2026-04-02,2026-04-03T01:05:00+00:00,57
2026-04-02,2026-04-03T01:10:00+00:00,56
2026-04-02,2026-04-03T01:15:00+00:00,62
2026-04-02,2026-04-03T01:20:00+00:00,57
2026-04-02,2026-04-03T01:25:00+00:00,56
2026-04-02,2026-04-03T01:30:00+00:00,50
2026-04-02,2026-04-03T01:35:00+00:00,54
2026-04-02,2026-04-03T01:40:00+00:00,56
2026-04-02,2026-04-03T01:45:00+00:00,54
2026-04-02,2026-04-03T01:50:00+00:00,60
2026-04-02,2026-04-03T01:55:00+00:00,55
2026-04-02,2026-04-03T02:00:00+00:00,60
2026-04-02,2026-04-03T02:05:00+00:00,56
2026-04-02,2026-04-03T02:10:00+00:00,56
2026-04-02,2026-04-03T02:15:00+00:00,55
2026-04-02,2026-04-03T02:20:00+00:00,55
2026-04-02,2026-04-03T02:25:00+00:00,60
2026-04-02,2026-04-03T02:30:00+00:00,48
2026-04-02,2026-04-03T02:35:00+00:00,49
2026-04-02,2026-04-03T02:40:00+00:00,53
2026-04-02,2026-04-03T02:45:00+00:00,54
2026-04-02,2026-04-03T02:50:00+00:00,56
2026-04-02,2026-04-03T02:55:00+00:00,56
2026-04-02,2026-04-03T03:00:00+00:00,53
2026-04-02,2026-04-03T03:05:00+00:00,57
2026-04-02,2026-04-03T03:10:00+00:00,57
2026-04-02,2026-04-03T03:15:00+00:00,55
2026-04-02,2026-04-03T03:20:00+00:00,57
2026-04-02,2026-04-03T03:25:00+00:00,55
2026-04-02,2026-04-03T03:30:00+00:00,52
2026-04-02,2026-04-03T03:35:00+00:00,56
2026-04-02,2026-04-03T03:40:00+00:00,54
2026-04-02,2026-04-03T03:45:00+00:00,54
2026-04-02,2026-04-03T03:50:00+00:00,58
2026-04-02,2026-04-03T03:55:00+00:00,47
2026-04-02,2026-04-03T04:00:00+00:00,50
2026-04-02,2026-04-03T04:05:00+00:00,50
2026-04-02,2026-04-03T04:10:00+00:00,53
2026-04-02,2026-04-03T04:15:00+00:00,53
2026-04-02,2026-04-03T04:20:00+00:00,49
2026-04-02,2026-04-03T04:25:00+00:00,51
2026-04-02,2026-04-03T04:30:00+00:00,51
2026-04-02,2026-04-03T04:35:00+00:00,61
2026-04-02,2026-04-03T04:40:00+00:00,59
2026-04-02,2026-04-03T04:45:00+00:00,53
2026-04-02,2026-04-03T04:50:00+00:00,53
2026-04-02,2026-04-03T04:55:00+00:00,51
2026-04-02,2026-04-03T05:00:00+00:00,48
2026-04-02,2026-04-03T05:05:00+00:00,54
2026-04-02,2026-04-03T05:10:00+00:00,51
2026-04-02,2026-04-03T05:15:00+00:00,54
2026-04-02,2026-04-03T05:20:00+00:00,49
2026-04-02,2026-04-03T05:25:00+00:00,52
2026-04-02,2026-04-03T05:30:00+00:00,54
2026-04-02,2026-04-03T05:35:00+00:00,55
2026-04-03,2026-04-03T22:30:00+00:00,60
2026-04-03,2026-04-03T22:35:00+00:00,67
2026-04-03,2026-04-03T22:40:00+00:00,60
2026-04-03,2026-04-03T22:45:00+00:00,59
2026-04-03,2026-04-03T22:50:00+00:00,61
2026-04-03,2026-04-03T22:55:00+00:00,64
2026-04-03,2026-04-03T23:00:00+00:00,62
2026-04-03,2026-04-03T23:05:00+00:00,60
2026-04-03,2026-04-03T23:10:00+00:00,60
2026-04-03,2026-04-03T23:15:00+00:00,60
2026-04-03,2026-04-03T23:20:00+00:00,59
2026-04-03,2026-04-03T23:25:00+00:00,68
2026-04-03,2026-04-03T23:30:00+00:00,62
2026-04-03,2026-04-03T23:35:00+00:00,64
2026-04-03,2026-04-03T23:40:00+00:00,59
2026-04-03,2026-04-03T23:45:00+00:00,60
2026-04-03,2026-04-03T23:50:00+00:00,58
2026-04-03,2026-04-03T23:55:00+00:00,52
2026-04-03,2026-04-04T00:00:00+00:00,56
2026-04-03,2026-04-04T00:05:00+00:00,55
2026-04-03,2026-04-04T00:10:00+00:00,53
2026-04-03,2026-04-04T00:15:00+00:00,56
2026-04-03,2026-04-04T00:20:00+00:00,64
2026-04-03,2026-04-04T00:25:00+00:00,59
2026-04-03,2026-04-04T00:30:00+00:00,63
2026-04-03,2026-04-04T00:35:00+00:00,60
2026-04-03,2026-04-04T00:40:00+00:00,61
2026-04-03,2026-04-04T00:45:00+00:00,56
2026-04-03,2026-04-04T00:50:00+00:00,60
2026-04-03,2026-04-04T00:55:00+00:00,61
2026-04-03,2026-04-04T01:00:00+00:00,57
2026-04-03,2026-04-04T01:05:00+00:00,60
2026-04-03,2026-04-04T01:10:00+00:00,60
2026-04-03,2026-04-04T01:15:00+00:00,56
2026-04-03,2026-04-04T01:20:00+00:00,55
2026-04-03,2026-04-04T01:25:00+00:00,54
2026-04-03,2026-04-04T01:30:00+00:00,58
2026-04-03,2026-04-04T01:35:00+00:00,58
2026-04-03,2026-04-04T01:40:00+00:00,55
2026-04-03,2026-04-04T01:45:00+00:00,57
2026-04-03,2026-04-04T01:50:00+00:00,59
2026-04-03,2026-04-04T01:55:00+00:00,59
2026-04-03,2026-04-04T02:00:00+00:00,61
2026-04-03,2026-04-04T02:05:00+00:00,60
2026-04-03,2026-04-04T02:10:00+00:00,53
2026-04-03,2026-04-04T02:15:00+00:00,61
2026-04-03,2026-04-04T02:20:00+00:00,55
2026-04-03,2026-04-04T02:25:00+00:00,59
2026-04-03,2026-04-04T02:30:00+00:00,56
2026-04-03,2026-04-04T02:35:00+00:00,54
2026-04-03,2026-04-04T02:40:00+00:00,50
2026-04-03,2026-04-04T02:45:00+00:00,55
2026-04-03,2026-04-04T02:50:00+00:00,51
2026-04-03,2026-04-04T02:55:00+00:00,58
2026-04-03,2026-04-04T03:00:00+00:00,59
2026-04-03,2026-04-04T03:05:00+00:00,52
2026-04-03,2026-04-04T03:10:00+00:00,56
2026-04-03,2026-04-04T03:15:00+00:00,52
2026-04-03,2026-04-04T03:20:00+00:00,52
2026-04-03,2026-04-04T03:25:00+00:00,56
2026-04-03,2026-04-04T03:30:00+00:00,54
2026-04-03,2026-04-04T03:35:00+00:00,59
2026-04-03,2026-04-04T03:40:00+00:00,53
2026-04-03,2026-04-04T03:45:00+00:00,57
2026-04-03,2026-04-04T03:50:00+00:00,54
2026-04-03,2026-04-04T03:55:00+00:00,56
2026-04-03,2026-04-04T04:00:00+00:00,53
2026-04-03,2026-04-04T04:05:00+00:00,54
2026-04-03,2026-04-04T04:10:00+00:00,54
2026-04-03,2026-04-04T04:15:00+00:00,51
2026-04-03,2026-04-04T04:20:00+00:00,56
2026-04-03,2026-04-04T04:25:00+00:00,56
2026-04-03,2026-04-04T04:30:00+00:00,56
2026-04-03,2026-04-04T04:35:00+00:00,59
2026-04-03,2026-04-04T04:40:00+00:00,58
2026-04-03,2026-04-04T04:45:00+00:00,53
2026-04-03,2026-04-04T04:50:00+00:00,55
2026-04-03,2026-04-04T04:55:00+00:00,52
2026-04-03,2026-04-04T05:00:00+00:00,54
2026-04-03,2026-04-04T05:05:00+00:00,52
2026-04-03,2026-04-04T05:10:00+00:00,59
2026-04-03,2026-04-04T05:15:00+00:00,55
2026-04-03,2026-04-04T05:20:00+00:00,53
2026-04-03,2026-04-04T05:25:00+00:00,58
2026-04-03,2026-04-04T05:30:00+00:00,47
2026-04-03,2026-04-04T05:35:00+00:00,48
2026-04-03,2026-04-04T05:40:00+00:00,56
2026-04-03,2026-04-04T05:45:00+00:00,54
2026-04-03,2026-04-04T05:50:00+00:00,55
2026-04-03,2026-04-04T05:55:00+00:00,50
2026-04-03,2026-04-04T06:00:00+00:00,54
2026-04-03,2026-04-04T06:05:00+00:00,60
2026-04-03,2026-04-04T06:10:00+00:00,56
2026-04-03,2026-04-04T06:15:00+00:00,55
2026-04-03,2026-04-04T06:20:00+00:00,53
2026-04-03,2026-04-04T06:25:00+00:00,53
2026-04-03,2026-04-04T06:30:00+00:00,48
2026-04-03,2026-04-04T06:35:00+00:00,55
2026-04-03,2026-04-04T06:40:00+00:00,57
2026-04-04,2026-04-04T21:45:00+00:00,64
2026-04-04,2026-04-04T21:50:00+00:00,65
2026-04-04,2026-04-04T21:55:00+00:00,68
2026-04-04,2026-04-04T22:00:00+00:00,62
2026-04-04,2026-04-04T22:05:00+00:00,64
2026-04-04,2026-04-04T22:10:00+00:00,58
2026-04-04,2026-04-04T22:15:00+00:00,66
2026-04-04,2026-04-04T22:20:00+00:00,60
2026-04-04,2026-04-04T22:25:00+00:00,60
2026-04-04,2026-04-04T22:30:00+00:00,62
2026-04-04,2026-04-04T22:35:00+00:00,57
2026-04-04,2026-04-04T22:40:00+00:00,62
2026-04-04,2026-04-04T22:45:00+00:00,64
2026-04-04,2026-04-04T22:50:00+00:00,62
2026-04-04,2026-04-04T22:55:00+00:00,56
2026-04-04,2026-04-04T23:00:00+00:00,60
2026-04-04,2026-04-04T23:05:00+00:00,63
2026-04-04,2026-04-04T23:10:00+00:00,55
2026-04-04,2026-04-04T23:15:00+00:00,57
2026-04-04,2026-04-04T23:20:00+00:00,63
2026-04-04,2026-04-04T23:25:00+00:00,61
2026-04-04,2026-04-04T23:30:00+00:00,61
2026-04-04,2026-04-04T23:35:00+00:00,65
2026-04-04,2026-04-04T23:40:00+00:00,61
2026-04-04,2026-04-04T23:45:00+00:00,61
2026-04-04,2026-04-04T23:50:00+00:00,67
2026-04-04,2026-04-04T23:55:00+00:00,58
2026-04-04,2026-04-05T00:00:00+00:00,57
2026-04-04,2026-04-05T00:05:00+00:00,60
2026-04-04,2026-04-05T00:10:00+00:00,60
2026-04-04,2026-04-05T00:15:00+00:00,57
2026-04-04,2026-04-05T00:20:00+00:00,55
2026-04-04,2026-04-05T00:25:00+00:00,65
2026-04-04,2026-04-05T00:30:00+00:00,59
2026-04-04,2026-04-05T00:35:00+00:00,56
2026-04-04,2026-04-05T00:40:00+00:00,60
2026-04-04,2026-04-05T00:45:00+00:00,57
2026-04-04,2026-04-05T00:50:00+00:00,57
2026-04-04,2026-04-05T00:55:00+00:00,59
2026-04-04,2026-04-05T01:00:00+00:00,53
2026-04-04,2026-04-05T01:05:00+00:00,58
2026-04-04,2026-04-05T01:10:00+00:00,63
2026-04-04,2026-04-05T01:15:00+00:00,58
2026-04-04,2026-04-05T01:20:00+00:00,55
2026-04-04,2026-04-05T01:25:00+00:00,55
2026-04-04,2026-04-05T01:30:00+00:00,55
2026-04-04,2026-04-05T01:35:00+00:00,55
2026-04-04,2026-04-05T01:40:00+00:00,55
2026-04-04,2026-04-05T01:45:00+00:00,59
2026-04-04,2026-04-05T01:50:00+00:00,50
2026-04-04,2026-04-05T01:55:00+00:00,58
2026-04-04,2026-04-05T02:00:00+00:00,54
2026-04-04,2026-04-05T02:05:00+00:00,56
2026-04-04,2026-04-05T02:10:00+00:00,52
2026-04-04,2026-04-05T02:15:00+00:00,59
2026-04-04,2026-04-05T02:20:00+00:00,58
2026-04-04,2026-04-05T02:25:00+00:00,57
2026-04-04,2026-04-05T02:30:00+00:00,50
2026-04-04,2026-04-05T02:35:00+00:00,57
2026-04-04,2026-04-05T02:40:00+00:00,55
2026-04-04,2026-04-05T02:45:00+00:00,49
2026-04-04,2026-04-05T02:50:00+00:00,54
2026-04-04,2026-04-05T02:55:00+00:00,55
2026-04-04,2026-04-05T03:00:00+00:00,56
2026-04-04,2026-04-05T03:05:00+00:00,55
2026-04-04,2026-04-05T03:10:00+00:00,55
2026-04-04,2026-04-05T03:15:00+00:00,58
2026-04-04,2026-04-05T03:20:00+00:00,58
2026-04-04,2026-04-05T03:25:00+00:00,45
2026-04-04,2026-04-05T03:30:00+00:00,53
2026-04-04,2026-04-05T03:35:00+00:00,54
2026-04-04,2026-04-05T03:40:00+00:00,49
2026-04-04,2026-04-05T03:45:00+00:00,54
2026-04-04,2026-04-05T03:50:00+00:00,58
2026-04-04,2026-04-05T03:55:00+00:00,51
2026-04-04,2026-04-05T04:00:00+00:00,55
2026-04-04,2026-04-05T04:05:00+00:00,51
2026-04-04,2026-04-05T04:10:00+00:00,52
2026-04-04,2026-04-05T04:15:00+00:00,58
2026-04-04,2026-04-05T04:20:00+00:00,52
2026-04-04,2026-04-05T04:25:00+00:00,55
2026-04-04,2026-04-05T04:30:00+00:00,48
2026-04-04,2026-04-05T04:35:00+00:00,60
2026-04-04,2026-04-05T04:40:00+00:00,56
2026-04-04,2026-04-05T04:45:00+00:00,53
2026-04-04,2026-04-05T04:50:00+00:00,56
2026-04-04,2026-04-05T04:55:00+00:00,50
2026-04-04,2026-04-05T05:00:00+00:00,58
2026-04-04,2026-04-05T05:05:00+00:00,53
2026-04-04,2026-04-05T05:10:00+00:00,53
2026-04-04,2026-04-05T05:15:00+00:00,53
2026-04-04,2026-04-05T05:20:00+00:00,52
2026-04-04,2026-04-05T05:25:00+00:00,56
2026-04-04,2026-04-05T05:30:00+00:00,55
2026-04-04,2026-04-05T05:35:00+00:00,56
2026-04-04,2026-04-05T05:40:00+00:00,54
2026-04-04,2026-04-05T05:45:00+00:00,56
2026-04-04,2026-04-05T05:50:00+00:00,53
2026-04-04,2026-04-05T05:55:00+00:00,61
2026-04-04,2026-04-05T06:00:00+00:00,49
2026-04-04,2026-04-05T06:05:00+00:00,58
2026-04-04,2026-04-05T06:10:00+00:00,58
2026-04-04,2026-04-05T06:15:00+00:00,51
2026-04-04,2026-04-05T06:20:00+00:00,61
2026-04-04,2026-04-05T06:25:00+00:00,57
2026-04-04,2026-04-05T06:30:00+00:00,57
2026-04-04,2026-04-05T06:35:00+00:00,54
2026-04-05,2026-04-05T22:10:00+00:00,54
2026-04-05,2026-04-05T22:15:00+00:00,59
2026-04-05,2026-04-05T22:20:00+00:00,66
2026-04-05,2026-04-05T22:25:00+00:00,61
2026-04-05,2026-04-05T22:30:00+00:00,63
2026-04-05,2026-04-05T22:35:00+00:00,58
2026-04-05,2026-04-05T22:40:00+00:00,66
2026-04-05,2026-04-05T22:45:00+00:00,62
2026-04-05,2026-04-05T22:50:00+00:00,63
2026-04-05,2026-04-05T22:55:00+00:00,69
2026-04-05,2026-04-05T23:00:00+00:00,66
2026-04-05,2026-04-05T23:05:00+00:00,60
2026-04-05,2026-04-05T23:10:00+00:00,59
2026-04-05,2026-04-05T23:15:00+00:00,60
2026-04-05,2026-04-05T23:20:00+00:00,62
2026-04-05,2026-04-05T23:25:00+00:00,60
2026-04-05,2026-04-05T23:30:00+00:00,59
2026-04-05,2026-04-05T23:35:00+00:00,65
2026-04-05,2026-04-05T23:40:00+00:00,60
2026-04-05,2026-04-05T23:45:00+00:00,67
2026-04-05,2026-04-05T23:50:00+00:00,60
2026-04-05,2026-04-05T23:55:00+00:00,65
2026-04-05,2026-04-06T00:00:00+00:00,61
2026-04-05,2026-04-06T00:05:00+00:00,62
2026-04-05,2026-04-06T00:10:00+00:00,57
2026-04-05,2026-04-06T00:15:00+00:00,57
2026-04-05,2026-04-06T00:20:00+00:00,60
2026-04-05,2026-04-06T00:25:00+00:00,62
2026-04-05,2026-04-06T00:30:00+00:00,59
2026-04-05,2026-04-06T00:35:00+00:00,55
2026-04-05,2026-04-06T00:40:00+00:00,54
2026-04-05,2026-04-06T00:45:00+00:00,54
2026-04-05,2026-04-06T00:50:00+00:00,53
2026-04-05,2026-04-06T00:55:00+00:00,58
2026-04-05,2026-04-06T01:00:00+00:00,61
2026-04-05,2026-04-06T01:05:00+00:00,58
2026-04-05,2026-04-06T01:10:00+00:00,51
2026-04-05,2026-04-06T01:15:00+00:00,57
2026-04-05,2026-04-06T01:20:00+00:00,57
2026-04-05,2026-04-06T01:25:00+00:00,63
2026-04-05,2026-04-06T01:30:00+00:00,53
2026-04-05,2026-04-06T01:35:00+00:00,56
2026-04-05,2026-04-06T01:40:00+00:00,62
2026-04-05,2026-04-06T01:45:00+00:00,58
2026-04-05,2026-04-06T01:50:00+00:00,58
2026-04-05,2026-04-06T01:55:00+00:00,57
2026-04-05,2026-04-06T02:00:00+00:00,57
2026-04-05,2026-04-06T02:05:00+00:00,58
2026-04-05,2026-04-06T02:10:00+00:00,53
2026-04-05,2026-04-06T02:15:00+00:00,58
2026-04-05,2026-04-06T02:20:00+00:00,51
2026-04-05,2026-04-06T02:25:00+00:00,56
2026-04-05,2026-04-06T02:30:00+00:00,56
2026-04-05,2026-04-06T02:35:00+00:00,53
2026-04-05,2026-04-06T02:40:00+00:00,55
2026-04-05,2026-04-06T02:45:00+00:00,53
2026-04-05,2026-04-06T02:50:00+00:00,51
2026-04-05,2026-04-06T02:55:00+00:00,53
2026-04-05,2026-04-06T03:00:00+00:00,51
2026-04-05,2026-04-06T03:05:00+00:00,55
2026-04-05,2026-04-06T03:10:00+00:00,51
2026-04-05,2026-04-06T03:15:00+00:00,56
2026-04-05,2026-04-06T03:20:00+00:00,50
2026-04-05,2026-04-06T03:25:00+00:00,52
2026-04-05,2026-04-06T03:30:00+00:00,52
2026-04-05,2026-04-06T03:35:00+00:00,58
2026-04-05,2026-04-06T03:40:00+00:00,55
2026-04-05,2026-04-06T03:45:00+00:00,53
2026-04-05,2026-04-06T03:50:00+00:00,55
2026-04-05,2026-04-06T03:55:00+00:00,48
2026-04-05,2026-04-06T04:00:00+00:00,54
2026-04-05,2026-04-06T04:05:00+00:00,60
2026-04-05,2026-04-06T04:10:00+00:00,54
2026-04-05,2026-04-06T04:15:00+00:00,54
2026-04-05,2026-04-06T04:20:00+00:00,56
2026-04-05,2026-04-06T04:25:00+00:00,57
2026-04-05,2026-04-06T04:30:00+00:00,48
2026-04-05,2026-04-06T04:35:00+00:00,49
2026-04-05,2026-04-06T04:40:00+00:00,55
2026-04-05,2026-04-06T04:45:00+00:00,52
2026-04-05,2026-04-06T04:50:00+00:00,58
2026-04-05,2026-04-06T04:55:00+00:00,53
2026-04-05,2026-04-06T05:00:00+00:00,48
2026-04-05,2026-04-06T05:05:00+00:00,50
2026-04-05,2026-04-06T05:10:00+00:00,46
2026-04-05,2026-04-06T05:15:00+00:00,53
2026-04-05,2026-04-06T05:20:00+00:00,53
2026-04-05,2026-04-06T05:25:00+00:00,53
