logId,dateOfSleep,stage_type,started_at,ended_at,seconds,sequence_index
100000,2026-03-23,light,2026-03-23T22:03:00+00:00,2026-03-23T22:23:00+00:00,1200,0
100000,2026-03-23,light,2026-03-23T22:23:00+00:00,2026-03-23T23:08:00+00:00,2700,1
100000,2026-03-23,light,2026-03-23T23:08:00+00:00,2026-03-23T23:38:00+00:00,1800,2
100000,2026-03-23,light,2026-03-23T23:38:00+00:00,2026-03-24T00:08:00+00:00,1800,3
100000,2026-03-23,light,2026-03-24T00:08:00+00:00,2026-03-24T00:38:00+00:00,1800,4
100000,2026-03-23,light,2026-03-24T00:38:00+00:00,2026-03-24T01:08:00+00:00,1800,5
100000,2026-03-23,light,2026-03-24T01:08:00+00:00,2026-03-24T01:28:00+00:00,1200,6
100000,2026-03-23,light,2026-03-24T01:28:00+00:00,2026-03-24T01:38:00+00:00,600,7
100000,2026-03-23,light,2026-03-24T01:38:00+00:00,2026-03-24T02:09:00+00:00,1860,8
100000,2026-03-23,deep,2026-03-24T02:09:00+00:00,2026-03-24T02:29:00+00:00,1200,9
100000,2026-03-23,deep,2026-03-24T02:29:00+00:00,2026-03-24T02:49:00+00:00,1200,10
100000,2026-03-23,deep,2026-03-24T02:49:00+00:00,2026-03-24T03:04:00+00:00,900,11
100000,2026-03-23,deep,2026-03-24T03:04:00+00:00,2026-03-24T03:14:00+00:00,600,12
100000,2026-03-23,deep,2026-03-24T03:14:00+00:00,2026-03-24T03:42:00+00:00,1680,13
100000,2026-03-23,rem,2026-03-24T03:42:00+00:00,2026-03-24T04:12:00+00:00,1800,14
100000,2026-03-23,rem,2026-03-24T04:12:00+00:00,2026-03-24T04:42:00+00:00,1800,15
100000,2026-03-23,rem,2026-03-24T04:42:00+00:00,2026-03-24T05:01:00+00:00,1140,16
100000,2026-03-23,wake,2026-03-24T05:01:00+00:00,2026-03-24T05:39:00+00:00,2280,17
100001,2026-03-24,light,2026-03-24T21:39:00+00:00,2026-03-24T21:59:00+00:00,1200,0
100001,2026-03-24,light,2026-03-24T21:59:00+00:00,2026-03-24T22:44:00+00:00,2700,1
100001,2026-03-24,light,2026-03-24T22:44:00+00:00,2026-03-24T22:54:00+00:00,600,2
100001,2026-03-24,light,2026-03-24T22:54:00+00:00,2026-03-24T23:24:00+00:00,1800,3
100001,2026-03-24,light,2026-03-24T23:24:00+00:00,2026-03-24T23:44:00+00:00,1200,4
100001,2026-03-24,light,2026-03-24T23:44:00+00:00,2026-03-25T00:14:00+00:00,1800,5
100001,2026-03-24,light,2026-03-25T00:14:00+00:00,2026-03-25T00:44:00+00:00,1800,6
100001,2026-03-24,light,2026-03-25T00:44:00+00:00,2026-03-25T01:04:00+00:00,1200,7
100001,2026-03-24,light,2026-03-25T01:04:00+00:00,2026-03-25T01:15:00+00:00,660,8
100001,2026-03-24,deep,2026-03-25T01:15:00+00:00,2026-03-25T01:45:00+00:00,1800,9
100001,2026-03-24,deep,2026-03-25T01:45:00+00:00,2026-03-25T01:55:00+00:00,600,10
100001,2026-03-24,deep,2026-03-25T01:55:00+00:00,2026-03-25T02:15:00+00:00,1200,11
100001,2026-03-24,deep,2026-03-25T02:15:00+00:00,2026-03-25T02:25:00+00:00,600,12
100001,2026-03-24,deep,2026-03-25T02:25:00+00:00,2026-03-25T02:33:00+00:00,480,13
100001,2026-03-24,rem,2026-03-25T02:33:00+00:00,2026-03-25T03:03:00+00:00,1800,14
100001,2026-03-24,rem,2026-03-25T03:03:00+00:00,2026-03-25T03:13:00+00:00,600,15
100001,2026-03-24,rem,2026-03-25T03:13:00+00:00,2026-03-25T03:43:00+00:00,1800,16
100001,2026-03-24,rem,2026-03-25T03:43:00+00:00,2026-03-25T03:45:00+00:00,120,17
100001,2026-03-24,wake,2026-03-25T03:45:00+00:00,2026-03-25T04:15:00+00:00,1800,18
100001,2026-03-24,wake,2026-03-25T04:15:00+00:00,2026-03-25T04:25:00+00:00,600,19
100001,2026-03-24,wake,2026-03-25T04:25:00+00:00,2026-03-25T04:35:00+00:00,600,20
100001,2026-03-24,wake,2026-03-25T04:35:00+00:00,2026-03-25T04:39:00+00:00,240,21
100002,2026-03-25,light,2026-03-25T22:02:00+00:00,2026-03-25T22:47:00+00:00,2700,0
100002,2026-03-25,light,2026-03-25T22:47:00+00:00,2026-03-25T23:02:00+00:00,900,1
100002,2026-03-25,light,2026-03-25T23:02:00+00:00,2026-03-25T23:12:00+00:00,600,2
100002,2026-03-25,light,2026-03-25T23:12:00+00:00,2026-03-25T23:32:00+00:00,1200,3
100002,2026-03-25,light,2026-03-25T23:32:00+00:00,2026-03-25T23:52:00+00:00,1200,4
100002,2026-03-25,light,2026-03-25T23:52:00+00:00,2026-03-26T00:22:00+00:00,1800,5
100002,2026-03-25,light,2026-03-26T00:22:00+00:00,2026-03-26T00:37:00+00:00,900,6
100002,2026-03-25,light,2026-03-26T00:37:00+00:00,2026-03-26T01:22:00+00:00,2700,7
100002,2026-03-25,light,2026-03-26T01:22:00+00:00,2026-03-26T01:23:00+00:00,60,8
100002,2026-03-25,deep,2026-03-26T01:23:00+00:00,2026-03-26T01:38:00+00:00,900,9
100002,2026-03-25,deep,2026-03-26T01:38:00+00:00,2026-03-26T02:23:00+00:00,2700,10
100002,2026-03-25,deep,2026-03-26T02:23:00+00:00,2026-03-26T02:53:00+00:00,1800,11
100002,2026-03-25,rem,2026-03-26T02:53:00+00:00,2026-03-26T03:13:00+00:00,1200,12
100002,2026-03-25,rem,2026-03-26T03:13:00+00:00,2026-03-26T03:23:00+00:00,600,13
100002,2026-03-25,rem,2026-03-26T03:23:00+00:00,2026-03-26T03:43:00+00:00,1200,14
100002,2026-03-25,rem,2026-03-26T03:43:00+00:00,2026-03-26T04:03:00+00:00,1200,15
100002,2026-03-25,rem,2026-03-26T04:03:00+00:00,2026-03-26T04:13:00+00:00,600,16
100002,2026-03-25,wake,2026-03-26T04:13:00+00:00,2026-03-26T04:43:00+00:00,1800,17
100002,2026-03-25,wake,2026-03-26T04:43:00+00:00,2026-03-26T04:51:00+00:00,480,18
100003,2026-03-26,light,2026-03-26T22:04:00+00:00,2026-03-26T22:19:00+00:00,900,0
100003,2026-03-26,light,2026-03-26T22:19:00+00:00,2026-03-26T22:39:00+00:00,1200,1
100003,2026-03-26,light,2026-03-26T22:39:00+00:00,2026-03-26T23:09:00+00:00,1800,2
100003,2026-03-26,light,2026-03-26T23:09:00+00:00,2026-03-26T23:24:00+00:00,900,3
100003,2026-03-26,light,2026-03-26T23:24:00+00:00,2026-03-27T00:09:00+00:00,2700,4
100003,2026-03-26,light,2026-03-27T00:09:00+00:00,2026-03-27T00:29:00+00:00,1200,5
100003,2026-03-26,light,2026-03-27T00:29:00+00:00,2026-03-27T00:49:00+00:00,1200,6
100003,2026-03-26,light,2026-03-27T00:49:00+00:00,2026-03-27T01:19:00+00:00,1800,7
100003,2026-03-26,light,2026-03-27T01:19:00+00:00,2026-03-27T01:49:00+00:00,1800,8
100003,2026-03-26,light,2026-03-27T01:49:00+00:00,2026-03-27T01:59:00+00:00,600,9
100003,2026-03-26,light,2026-03-27T01:59:00+00:00,2026-03-27T02:14:00+00:00,900,10
100003,2026-03-26,light,2026-03-27T02:14:00+00:00,2026-03-27T02:20:00+00:00,360,11
100003,2026-03-26,deep,2026-03-27T02:20:00+00:00,2026-03-27T02:50:00+00:00,1800,12
100003,2026-03-26,deep,2026-03-27T02:50:00+00:00,2026-03-27T03:00:00+00:00,600,13
100003,2026-03-26,deep,2026-03-27T03:00:00+00:00,2026-03-27T03:15:00+00:00,900,14
100003,2026-03-26,deep,2026-03-27T03:15:00+00:00,2026-03-27T03:35:00+00:00,1200,15
100003,2026-03-26,deep,2026-03-27T03:35:00+00:00,2026-03-27T03:59:00+00:00,1440,16
100003,2026-03-26,rem,2026-03-27T03:59:00+00:00,2026-03-27T04:19:00+00:00,1200,17
100003,2026-03-26,rem,2026-03-27T04:19:00+00:00,2026-03-27T05:04:00+00:00,2700,18
100003,2026-03-26,rem,2026-03-27T05:04:00+00:00,2026-03-27T05:49:00+00:00,2700,19
100003,2026-03-26,rem,2026-03-27T05:49:00+00:00,2026-03-27T05:59:00+00:00,600,20
100003,2026-03-26,rem,2026-03-27T05:59:00+00:00,2026-03-27T06:01:00+00:00,120,21
100003,2026-03-26,wake,2026-03-27T06:01:00+00:00,2026-03-27T06:31:00+00:00,1800,22
100003,2026-03-26,wake,2026-03-27T06:31:00+00:00,2026-03-27T06:42:00+00:00,660,23
100004,2026-03-27,light,2026-03-27T21:17:00+00:00,2026-03-27T22:02:00+00:00,2700,0
100004,2026-03-27,light,2026-03-27T22:02:00+00:00,2026-03-27T22:17:00+00:00,900,1
100004,2026-03-27,light,2026-03-27T22:17:00+00:00,2026-03-27T22:27:00+00:00,600,2
100004,2026-03-27,light,2026-03-27T22:27:00+00:00,2026-03-27T22:57:00+00:00,1800,3
100004,2026-03-27,light,2026-03-27T22:57:00+00:00,2026-03-27T23:07:00+00:00,600,4
100004,2026-03-27,light,2026-03-27T23:07:00+00:00,2026-03-27T23:22:00+00:00,900,5
100004,2026-03-27,light,2026-03-27T23:22:00+00:00,2026-03-28T00:07:00+00:00,2700,6
100004,2026-03-27,light,2026-03-28T00:07:00+00:00,2026-03-28T00:27:00+00:00,1200,7
100004,2026-03-27,light,2026-03-28T00:27:00+00:00,2026-03-28T00:47:00+00:00,1200,8
100004,2026-03-27,light,2026-03-28T00:47:00+00:00,2026-03-28T00:53:00+00:00,360,9
100004,2026-03-27,deep,2026-03-28T00:53:00+00:00,2026-03-28T01:23:00+00:00,1800,10
100004,2026-03-27,deep,2026-03-28T01:23:00+00:00,2026-03-28T01:38:00+00:00,900,11
100004,2026-03-27,deep,2026-03-28T01:38:00+00:00,2026-03-28T02:08:00+00:00,1800,12
100004,2026-03-27,deep,2026-03-28T02:08:00+00:00,2026-03-28T02:17:00+00:00,540,13
100004,2026-03-27,rem,2026-03-28T02:17:00+00:00,2026-03-28T02:37:00+00:00,1200,14
100004,2026-03-27,rem,2026-03-28T02:37:00+00:00,2026-03-28T02:57:00+00:00,1200,15
100004,2026-03-27,rem,2026-03-28T02:57:00+00:00,2026-03-28T03:07:00+00:00,600,16
100004,2026-03-27,rem,2026-03-28T03:07:00+00:00,2026-03-28T03:22:00+00:00,900,17
100004,2026-03-27,rem,2026-03-28T03:22:00+00:00,2026-03-28T03:30:00+00:00,480,18
100004,2026-03-27,wake,2026-03-28T03:30:00+00:00,2026-03-28T03:47:00+00:00,1020,19
100005,2026-03-28,light,2026-03-28T21:21:00+00:00,2026-03-28T21:41:00+00:00,1200,0
100005,2026-03-28,light,2026-03-28T21:41:00+00:00,2026-03-28T21:56:00+00:00,900,1
100005,2026-03-28,light,2026-03-28T21:56:00+00:00,2026-03-28T22:06:00+00:00,600,2
100005,2026-03-28,light,2026-03-28T22:06:00+00:00,2026-03-28T22:21:00+00:00,900,3
100005,2026-03-28,light,2026-03-28T22:21:00+00:00,2026-03-28T23:06:00+00:00,2700,4
100005,2026-03-28,light,2026-03-28T23:06:00+00:00,2026-03-28T23:51:00+00:00,2700,5
100005,2026-03-28,light,2026-03-28T23:51:00+00:00,2026-03-29T00:01:00+00:00,600,6
100005,2026-03-28,light,2026-03-29T00:01:00+00:00,2026-03-29T00:31:00+00:00,1800,7
100005,2026-03-28,light,2026-03-29T00:31:00+00:00,2026-03-29T00:46:00+00:00,900,8
100005,2026-03-28,light,2026-03-29T00:46:00+00:00,2026-03-29T00:56:00+00:00,600,9
100005,2026-03-28,light,2026-03-29T00:56:00+00:00,2026-03-29T01:11:00+00:00,900,10
100005,2026-03-28,light,2026-03-29T01:11:00+00:00,2026-03-29T01:21:00+00:00,600,11
100005,2026-03-28,light,2026-03-29T01:21:00+00:00,2026-03-29T01:41:00+00:00,1200,12
100005,2026-03-28,light,2026-03-29T01:41:00+00:00,2026-03-29T01:59:00+00:00,1080,13
100005,2026-03-28,deep,2026-03-29T01:59:00+00:00,2026-03-29T02:19:00+00:00,1200,14
100005,2026-03-28,deep,2026-03-29T02:19:00+00:00,2026-03-29T02:49:00+00:00,1800,15
100005,2026-03-28,deep,2026-03-29T02:49:00+00:00,2026-03-29T03:09:00+00:00,1200,16
100005,2026-03-28,deep,2026-03-29T03:09:00+00:00,2026-03-29T03:19:00+00:00,600,17
100005,2026-03-28,deep,2026-03-29T03:19:00+00:00,2026-03-29T03:29:00+00:00,600,18
100005,2026-03-28,deep,2026-03-29T03:29:00+00:00,2026-03-29T03:32:00+00:00,180,19
100005,2026-03-28,rem,2026-03-29T03:32:00+00:00,2026-03-29T03:47:00+00:00,900,20
100005,2026-03-28,rem,2026-03-29T03:47:00+00:00,2026-03-29T04:32:00+00:00,2700,21
100005,2026-03-28,rem,2026-03-29T04:32:00+00:00,2026-03-29T05:01:00+00:00,1740,22
100005,2026-03-28,wake,2026-03-29T05:01:00+00:00,2026-03-29T05:46:00+00:00,2700,23
100005,2026-03-28,wake,2026-03-29T05:46:00+00:00,2026-03-29T05:57:00+00:00,660,24
100006,2026-03-29,light,2026-03-29T23:36:00+00:00,2026-03-29T23:46:00+00:00,600,0
100006,2026-03-29,light,2026-03-29T23:46:00+00:00,2026-03-30T00:01:00+00:00,900,1
100006,2026-03-29,light,2026-03-30T00:01:00+00:00,2026-03-30T00:11:00+00:00,600,2
100006,2026-03-29,light,2026-03-30T00:11:00+00:00,2026-03-30T00:21:00+00:00,600,3
100006,2026-03-29,light,2026-03-30T00:21:00+00:00,2026-03-30T00:36:00+00:00,900,4
100006,2026-03-29,light,2026-03-30T00:36:00+00:00,2026-03-30T00:51:00+00:00,900,5
100006,2026-03-29,light,2026-03-30T00:51:00+00:00,2026-03-30T01:11:00+00:00,1200,6
100006,2026-03-29,light,2026-03-30T01:11:00+00:00,2026-03-30T01:21:00+00:00,600,7
100006,2026-03-29,light,2026-03-30T01:21:00+00:00,2026-03-30T01:36:00+00:00,900,8
100006,2026-03-29,light,2026-03-30T01:36:00+00:00,2026-03-30T01:56:00+00:00,1200,9
100006,2026-03-29,light,2026-03-30T01:56:00+00:00,2026-03-30T02:41:00+00:00,2700,10
100006,2026-03-29,light,2026-03-30T02:41:00+00:00,2026-03-30T03:11:00+00:00,1800,11
100006,2026-03-29,light,2026-03-30T03:11:00+00:00,2026-03-30T03:42:00+00:00,1860,12
100006,2026-03-29,deep,2026-03-30T03:42:00+00:00,2026-03-30T03:57:00+00:00,900,13
100006,2026-03-29,deep,2026-03-30T03:57:00+00:00,2026-03-30T04:17:00+00:00,1200,14
100006,2026-03-29,deep,2026-03-30T04:17:00+00:00,2026-03-30T04:37:00+00:00,1200,15
100006,2026-03-29,deep,2026-03-30T04:37:00+00:00,2026-03-30T05:05:00+00:00,1680,16
100006,2026-03-29,rem,2026-03-30T05:05:00+00:00,2026-03-30T05:50:00+00:00,2700,17
100006,2026-03-29,rem,2026-03-30T05:50:00+00:00,2026-03-30T06:23:00+00:00,1980,18
100006,2026-03-29,wake,2026-03-30T06:23:00+00:00,2026-03-30T06:53:00+00:00,1800,19
100006,2026-03-29,wake,2026-03-30T06:53:00+00:00,2026-03-30T07:05:00+00:00,720,20
100007,2026-03-30,light,2026-03-30T22:12:00+00:00,2026-03-30T22:27:00+00:00,900,0
100007,2026-03-30,light,2026-03-30T22:27:00+00:00,2026-03-30T22:42:00+00:00,900,1
100007,2026-03-30,light,2026-03-30T22:42:00+00:00,2026-03-30T22:57:00+00:00,900,2
100007,2026-03-30,light,2026-03-30T22:57:00+00:00,2026-03-30T23:17:00+00:00,1200,3
100007,2026-03-30,light,2026-03-30T23:17:00+00:00,2026-03-30T23:37:00+00:00,1200,4
100007,2026-03-30,light,2026-03-30T23:37:00+00:00,2026-03-31T00:07:00+00:00,1800,5
100007,2026-03-30,light,2026-03-31T00:07:00+00:00,2026-03-31T00:22:00+00:00,900,6
100007,2026-03-30,light,2026-03-31T00:22:00+00:00,2026-03-31T01:07:00+00:00,2700,7
100007,2026-03-30,light,2026-03-31T01:07:00+00:00,2026-03-31T01:17:00+00:00,600,8
100007,2026-03-30,light,2026-03-31T01:17:00+00:00,2026-03-31T02:02:00+00:00,2700,9
100007,2026-03-30,light,2026-03-31T02:02:00+00:00,2026-03-31T02:08:00+00:00,360,10
100007,2026-03-30,deep,2026-03-31T02:08:00+00:00,2026-03-31T02:38:00+00:00,1800,11
100007,2026-03-30,deep,2026-03-31T02:38:00+00:00,2026-03-31T02:53:00+00:00,900,12
100007,2026-03-30,deep,2026-03-31T02:53:00+00:00,2026-03-31T03:08:00+00:00,900,13
100007,2026-03-30,deep,2026-03-31T03:08:00+00:00,2026-03-31T03:18:00+00:00,600,14
100007,2026-03-30,deep,2026-03-31T03:18:00+00:00,2026-03-31T03:48:00+00:00,1800,15
100007,2026-03-30,deep,2026-03-31T03:48:00+00:00,2026-03-31T03:50:00+00:00,120,16
100007,2026-03-30,rem,2026-03-31T03:50:00+00:00,2026-03-31T04:20:00+00:00,1800,17
100007,2026-03-30,rem,2026-03-31T04:20:00+00:00,2026-03-31T04:50:00+00:00,1800,18
100007,2026-03-30,rem,2026-03-31T04:50:00+00:00,2026-03-31T05:33:00+00:00,2580,19
100007,2026-03-30,wake,2026-03-31T05:33:00+00:00,2026-03-31T06:03:00+00:00,1800,20
100007,2026-03-30,wake,2026-03-31T06:03:00+00:00,2026-03-31T06:18:00+00:00,900,21
100007,2026-03-30,wake,2026-03-31T06:18:00+00:00,2026-03-31T06:32:00+00:00,840,22
100008,2026-03-31,light,2026-03-31T23:43:00+00:00,2026-03-31T23:58:00+00:00,900,0
100008,2026-03-31,light,2026-03-31T23:58:00+00:00,2026-04-01T00:43:00+00:00,2700,1
100008,2026-03-31,light,2026-04-01T00:43:00+00:00,2026-04-01T01:13:00+00:00,1800,2
100008,2026-03-31,light,2026-04-01T01:13:00+00:00,2026-04-01T01:58:00+00:00,2700,3
100008,2026-03-31,light,2026-04-01T01:58:00+00:00,2026-04-01T02:08:00+00:00,600,4
100008,2026-03-31,light,2026-04-01T02:08:00+00:00,2026-04-01T02:53:00+00:00,2700,5
100008,2026-03-31,light,2026-04-01T02:53:00+00:00,2026-04-01T03:17:00+00:00,1440,6
100008,2026-03-31,deep,2026-04-01T03:17:00+00:00,2026-04-01T04:02:00+00:00,2700,7
100008,2026-03-31,deep,2026-04-01T04:02:00+00:00,2026-04-01T04:17:00+00:00,900,8
100008,2026-03-31,deep,2026-04-01T04:17:00+00:00,2026-04-01T04:28:00+00:00,660,9
100008,2026-03-31,rem,2026-04-01T04:28:00+00:00,2026-04-01T04:48:00+00:00,1200,10
100008,2026-03-31,rem,2026-04-01T04:48:00+00:00,2026-04-01T04:58:00+00:00,600,11
100008,2026-03-31,rem,2026-04-01T04:58:00+00:00,2026-04-01T05:18:00+00:00,1200,12
100008,2026-03-31,rem,2026-04-01T05:18:00+00:00,2026-04-01T05:28:00+00:00,600,13
100008,2026-03-31,rem,2026-04-01T05:28:00+00:00,2026-04-01T06:02:00+00:00,2040,14
100008,2026-03-31,wake,2026-04-01T06:02:00+00:00,2026-04-01T06:17:00+00:00,900,15
100008,2026-03-31,wake,2026-04-01T06:17:00+00:00,2026-04-01T06:29:00+00:00,720,16
100009,2026-04-01,light,2026-04-01T22:33:00+00:00,2026-04-01T22:48:00+00:00,900,0
100009,2026-04-01,light,2026-04-01T22:48:00+00:00,2026-04-01T23:03:00+00:00,900,1
100009,2026-04-01,light,2026-04-01T23:03:00+00:00,2026-04-01T23:33:00+00:00,1800,2
100009,2026-04-01,light,2026-04-01T23:33:00+00:00,2026-04-02T00:03:00+00:00,1800,3
100009,2026-04-01,light,2026-04-02T00:03:00+00:00,2026-04-02T00:23:00+00:00,1200,4
100009,2026-04-01,light,2026-04-02T00:23:00+00:00,2026-04-02T00:33:00+00:00,600,5
100009,2026-04-01,light,2026-04-02T00:33:00+00:00,2026-04-02T00:53:00+00:00,1200,6
100009,2026-04-01,light,2026-04-02T00:53:00+00:00,2026-04-02T01:23:00+00:00,1800,7
100009,2026-04-01,light,2026-04-02T01:23:00+00:00,2026-04-02T01:46:00+00:00,1380,8
100009,2026-04-01,deep,2026-04-02T01:46:00+00:00,2026-04-02T02:06:00+00:00,1200,9
100009,2026-04-01,deep,2026-04-02T02:06:00+00:00,2026-04-02T02:21:00+00:00,900,10
100009,2026-04-01,deep,2026-04-02T02:21:00+00:00,2026-04-02T02:41:00+00:00,1200,11
100009,2026-04-01,deep,2026-04-02T02:41:00+00:00,2026-04-02T02:51:00+00:00,600,12
100009,2026-04-01,deep,2026-04-02T02:51:00+00:00,2026-04-02T03:01:00+00:00,600,13
100009,2026-04-01,deep,2026-04-02T03:01:00+00:00,2026-04-02T03:04:00+00:00,180,14
100009,2026-04-01,rem,2026-04-02T03:04:00+00:00,2026-04-02T03:49:00+00:00,2700,15
100009,2026-04-01,rem,2026-04-02T03:49:00+00:00,2026-04-02T04:21:00+00:00,1920,16
100009,2026-04-01,wake,2026-04-02T04:21:00+00:00,2026-04-02T04:41:00+00:00,1200,17
100009,2026-04-01,wake,2026-04-02T04:41:00+00:00,2026-04-02T04:51:00+00:00,600,18
100009,2026-04-01,wake,2026-04-02T04:51:00+00:00,2026-04-02T05:26:00+00:00,2100,19
100010,2026-04-02,light,2026-04-02T22:13:00+00:00,2026-04-02T22:23:00+00:00,600,0
100010,2026-04-02,light,2026-04-02T22:23:00+00:00,2026-04-02T22:43:00+00:00,1200,1
100010,2026-04-02,light,2026-04-02T22:43:00+00:00,2026-04-02T23:13:00+00:00,1800,2
100010,2026-04-02,light,2026-04-02T23:13:00+00:00,2026-04-02T23:58:00+00:00,2700,3
100010,2026-04-02,light,2026-04-02T23:58:00+00:00,2026-04-03T00:43:00+00:00,2700,4
100010,2026-04-02,light,2026-04-03T00:43:00+00:00,2026-04-03T00:58:00+00:00,900,5
100010,2026-04-02,light,2026-04-03T00:58:00+00:00,2026-04-03T01:43:00+00:00,2700,6
100010,2026-04-02,light,2026-04-03T01:43:00+00:00,2026-04-03T02:09:00+00:00,1560,7
100010,2026-04-02,deep,2026-04-03T02:09:00+00:00,2026-04-03T02:19:00+00:00,600,8
100010,2026-04-02,deep,2026-04-03T02:19:00+00:00,2026-04-03T03:04:00+00:00,2700,9
100010,2026-04-02,deep,2026-04-03T03:04:00+00:00,2026-04-03T03:14:00+00:00,600,10
100010,2026-04-02,deep,2026-04-03T03:14:00+00:00,2026-04-03T03:17:00+00:00,180,11
100010,2026-04-02,rem,2026-04-03T03:17:00+00:00,2026-04-03T03:47:00+00:00,1800,12
100010,2026-04-02,rem,2026-04-03T03:47:00+00:00,2026-04-03T04:02:00+00:00,900,13
100010,2026-04-02,rem,2026-04-03T04:02:00+00:00,2026-04-03T04:17:00+00:00,900,14
100010,2026-04-02,rem,2026-04-03T04:17:00+00:00,2026-04-03T04:37:00+00:00,1200,15
100010,2026-04-02,rem,2026-04-03T04:37:00+00:00,2026-04-03T04:42:00+00:00,300,16
100010,2026-04-02,wake,2026-04-03T04:42:00+00:00,2026-04-03T04:57:00+00:00,900,17
100010,2026-04-02,wake,2026-04-03T04:57:00+00:00,2026-04-03T05:27:00+00:00,1800,18
100010,2026-04-02,wake,2026-04-03T05:27:00+00:00,2026-04-03T05:47:00+00:00,1200,19
100010,2026-04-02,wake,2026-04-03T05:47:00+00:00,2026-04-03T05:51:00+00:00,240,20
100011,2026-04-03,light,2026-04-03T22:48:00+00:00,2026-04-03T23:08:00+00:00,1200,0
100011,2026-04-03,light,2026-04-03T23:08:00+00:00,2026-04-03T23:53:00+00:00,2700,1
100011,2026-04-03,light,2026-04-03T23:53:00+00:00,2026-04-04T00:23:00+00:00,1800,2
100011,2026-04-03,light,2026-04-04T00:23:00+00:00,2026-04-04T00:53:00+00:00,1800,3
100011,2026-04-03,light,2026-04-04T00:53:00+00:00,2026-04-04T01:23:00+00:00,1800,4
100011,2026-04-03,light,2026-04-04T01:23:00+00:00,2026-04-04T01:33:00+00:00,600,5
100011,2026-04-03,light,2026-04-04T01:33:00+00:00,2026-04-04T02:18:00+00:00,2700,6
100011,2026-04-03,light,2026-04-04T02:18:00+00:00,2026-04-04T03:03:00+00:00,2700,7
100011,2026-04-03,light,2026-04-04T03:03:00+00:00,2026-04-04T03:13:00+00:00,600,8
100011,2026-04-03,light,2026-04-04T03:13:00+00:00,2026-04-04T03:24:00+00:00,660,9
100011,2026-04-03,deep,2026-04-04T03:24:00+00:00,2026-04-04T04:09:00+00:00,2700,10
100011,2026-04-03,deep,2026-04-04T04:09:00+00:00,2026-04-04T04:29:00+00:00,1200,11
100011,2026-04-03,deep,2026-04-04T04:29:00+00:00,2026-04-04T04:33:00+00:00,240,12
100011,2026-04-03,rem,2026-04-04T04:33:00+00:00,2026-04-04T05:18:00+00:00,2700,13
100011,2026-04-03,rem,2026-04-04T05:18:00+00:00,2026-04-04T05:38:00+00:00,1200,14
100011,2026-04-03,rem,2026-04-04T05:38:00+00:00,2026-04-04T05:48:00+00:00,600,15
100011,2026-04-03,rem,2026-04-04T05:48:00+00:00,2026-04-04T05:59:00+00:00,660,16
100011,2026-04-03,wake,2026-04-04T05:59:00+00:00,2026-04-04T06:14:00+00:00,900,17
100011,2026-04-03,wake,2026-04-04T06:14:00+00:00,2026-04-04T06:34:00+00:00,1200,18
100011,2026-04-03,wake,2026-04-04T06:34:00+00:00,2026-04-04T06:54:00+00:00,1200,19
100011,2026-04-03,wake,2026-04-04T06:54:00+00:00,2026-04-04T07:00:00+00:00,360,20
100012,2026-04-04,light,2026-04-04T21:53:00+00:00,2026-04-04T22:38:00+00:00,2700,0
100012,2026-04-04,light,2026-04-04T22:38:00+00:00,2026-04-04T22:53:00+00:00,900,1
100012,2026-04-04,light,2026-04-04T22:53:00+00:00,2026-04-04T23:38:00+00:00,2700,2
100012,2026-04-04,light,2026-04-04T23:38:00+00:00,2026-04-04T23:58:00+00:00,1200,3
100012,2026-04-04,light,2026-04-04T23:58:00+00:00,2026-04-05T00:18:00+00:00,1200,4
100012,2026-04-04,light,2026-04-05T00:18:00+00:00,2026-04-05T00:33:00+00:00,900,5
100012,2026-04-04,light,2026-04-05T00:33:00+00:00,2026-04-05T00:53:00+00:00,1200,6
100012,2026-04-04,light,2026-04-05T00:53:00+00:00,2026-04-05T01:23:00+00:00,1800,7
100012,2026-04-04,light,2026-04-05T01:23:00+00:00,2026-04-05T02:08:00+00:00,2700,8
100012,2026-04-04,light,2026-04-05T02:08:00+00:00,2026-04-05T02:38:00+00:00,1800,9
100012,2026-04-04,light,2026-04-05T02:38:00+00:00,2026-04-05T02:51:00+00:00,780,10
100012,2026-04-04,deep,2026-04-05T02:51:00+00:00,2026-04-05T03:36:00+00:00,2700,11
100012,2026-04-04,deep,2026-04-05T03:36:00+00:00,2026-04-05T03:56:00+00:00,1200,12
100012,2026-04-04,deep,2026-04-05T03:56:00+00:00,2026-04-05T04:25:00+00:00,1740,13
100012,2026-04-04,rem,2026-04-05T04:25:00+00:00,2026-04-05T04:40:00+00:00,900,14
100012,2026-04-04,rem,2026-04-05T04:40:00+00:00,2026-04-05T04:50:00+00:00,600,15
100012,2026-04-04,rem,2026-04-05T04:50:00+00:00,2026-04-05T05:10:00+00:00,1200,16
100012,2026-04-04,rem,2026-04-05T05:10:00+00:00,2026-04-05T05:20:00+00:00,600,17
100012,2026-04-04,rem,2026-04-05T05:20:00+00:00,2026-04-05T05:30:00+00:00,600,18
100012,2026-04-04,rem,2026-04-05T05:30:00+00:00,2026-04-05T05:56:00+00:00,1560,19
100012,2026-04-04,wake,2026-04-05T05:56:00+00:00,2026-04-05T06:26:00+00:00,1800,20
100012,2026-04-04,wake,2026-04-05T06:26:00+00:00,2026-04-05T06:41:00+00:00,900,21
100012,2026-04-04,wake,2026-04-05T06:41:00+00:00,2026-04-05T06:43:00+00:00,120,22
100013,2026-04-05,light,2026-04-05T22:27:00+00:00,2026-04-05T23:12:00+00:00,2700,0
100013,2026-04-05,light,2026-04-05T23:12:00+00:00,2026-04-05T23:27:00+00:00,900,1
100013,2026-04-05,light,2026-04-05T23:27:00+00:00,2026-04-05T23:57:00+00:00,1800,2
100013,2026-04-05,light,2026-04-05T23:57:00+00:00,2026-04-06T00:27:00+00:00,1800,3
100013,2026-04-05,light,2026-04-06T00:27:00+00:00,2026-04-06T01:12:00+00:00,2700,4
100013,2026-04-05,light,2026-04-06T01:12:00+00:00,2026-04-06T01:22:00+00:00,600,5
100013,2026-04-05,light,2026-04-06T01:22:00+00:00,2026-04-06T01:52:00+00:00,1800,6
100013,2026-04-05,light,2026-04-06T01:52:00+00:00,2026-04-06T02:18:00+00:00,1560,7
100013,2026-04-05,deep,2026-04-06T02:18:00+00:00,2026-04-06T02:48:00+00:00,1800,8
100013,2026-04-05,deep,2026-04-06T02:48:00+00:00,2026-04-06T02:58:00+00:00,600,9
100013,2026-04-05,deep,2026-04-06T02:58:00+00:00,2026-04-06T03:43:00+00:00,2700,10
100013,2026-04-05,deep,2026-04-06T03:43:00+00:00,2026-04-06T03:49:00+00:00,360,11
100013,2026-04-05,rem,2026-04-06T03:49:00+00:00,2026-04-06T04:09:00+00:00,1200,12
100013,2026-04-05,rem,2026-04-06T04:09:00+00:00,2026-04-06T04:29:00+00:00,1200,13
100013,2026-04-05,rem,2026-04-06T04:29:00+00:00,2026-04-06T04:49:00+00:00,1200,14
100013,2026-04-05,rem,2026-04-06T04:49:00+00:00,2026-04-06T05:09:00+00:00,1200,15
100013,2026-04-05,rem,2026-04-06T05:09:00+00:00,2026-04-06T05:19:00+00:00,600,16
100013,2026-04-05,rem,2026-04-06T05:19:00+00:00,2026-04-06T05:20:00+00:00,60,17
100013,2026-04-05,wake,2026-04-06T05:20:00+00:00,2026-04-06T05:45:00+00:00,1500,18
